[{"personal_nino":"YE836139A","personal_title":"LORD","personal_firstName":"Andrew","personal_secondName":"Francis","personal_lastName":"McGregor","personal_fullName":"Andrew McGregor","personal_startDate":"04/12/2006","personal_dobFormatted":"12/12/1998","personal_name1DrivingLicence":"MCGRE912128A99GG","personal_email":"andrew.mcgregor@live.co.uk","personal_mobileNumber":"07434141992","personal_gender":"M","personal_nationality":"Japanese","residentialAddress_firstLine":"12 Northfield Farm Road","residentialAddress_city":"Edinburgh","residentialAddress_county":"Midlothian","residentialAddress_postCode":"EH8 7QR","residentialAddress_moveInDate":"17/06/2021","financial_accountName":"IMOVO","financial_accountNumber":"38907291","financial_iban":"NI48snJJ57035805352235","financial_sortCode":"186167","financial_swift":"tkQRwi29VDM","financial_rollNumber":"voD-y791479/Y","financial_accountTypes":"BA45000"}]