[{"personal_firstName":"Karen","personal_lastName":"Murray","personal_email":"karen.murray@live.co.uk","residentialAddress_fullAddress":"10 Princes Street, Dundee, Angus, DD4 6BY"},{"personal_firstName":"Kimberly","personal_lastName":"Lescott","personal_email":"kimberly.lescott@helloworld.com","residentialAddress_fullAddress":"16 Pinetree Avenue, Lenzie, Dunbartonshire, G66 4EQ"},{"personal_firstName":"Elizabeth","personal_lastName":"Scott","personal_email":"elizabeth.scott@outlook.com","residentialAddress_fullAddress":"111 Queen St, Glasgow, Glasgow, G1 3AH"},{"personal_firstName":"Donna","personal_lastName":"Jenkins","personal_email":"donna.jenkins@example.com","residentialAddress_fullAddress":"98 Howatson Court, Livingston, Midlothian, EH54 7FH"},{"personal_firstName":"Bernard","personal_lastName":"Brown","personal_email":"bernard.brown@helloworld.com","residentialAddress_fullAddress":"20 High Mill Court, Dundee, Angus, DD2 1UN"},{"personal_firstName":"Emily","personal_lastName":"Hayes","personal_email":"emily.hayes@example.com","residentialAddress_fullAddress":"20 High Mill Court, Dundee, Angus, DD2 1UN"},{"personal_firstName":"Lisa","personal_lastName":"Barry","personal_email":"lisa.barry@live.com","residentialAddress_fullAddress":"3 Callender Gardens, Dundee, Angus, DD4 6BY"},{"personal_firstName":"Betty","personal_lastName":"Scott","personal_email":"betty.scott@aol.com","residentialAddress_fullAddress":"400 Coltness Rd, Wishaw, Lanarkshire, ML2 7HP"},{"personal_firstName":"Bobby","personal_lastName":"Baxter","personal_email":"bobby.baxter@aol.com","residentialAddress_fullAddress":"61 Pinetree Avenue, Lenzie, Dunbartonshire, G66 4EQ"},{"personal_firstName":"Elizabeth","personal_lastName":"Smith","personal_email":"elizabeth.smith@live.co.uk","residentialAddress_fullAddress":"400 Coltness Rd, Wishaw, Lanarkshire, ML2 7HP"},{"personal_firstName":"Barbara","personal_lastName":"Weir","personal_email":"barbara.weir@live.co.uk","residentialAddress_fullAddress":"10 Princes Street, Dundee, Angus, DD4 6BY"},{"personal_firstName":"Andrew","personal_lastName":"Brown","personal_email":"andrew.brown@hotmail.co.uk","residentialAddress_fullAddress":"61 Pinetree Avenue, Lenzie, Dunbartonshire, G66 4EQ"},{"personal_firstName":"Anthony","personal_lastName":"Baxter","personal_email":"anthony.baxter@hotmail.com","residentialAddress_fullAddress":"16 Pinetree Avenue, Lenzie, Dunbartonshire, G66 4EQ"},{"personal_firstName":"Jessica","personal_lastName":"Murray","personal_email":"jessica.murray@hotmail.co.uk","residentialAddress_fullAddress":"98 Howatson Court, Livingston, Midlothian, EH54 7FH"},{"personal_firstName":"Bobby","personal_lastName":"James","personal_email":"bobby.james@live.co.uk","residentialAddress_fullAddress":"Castle Wynd, Stirling, Perthshire, FK8 1EJ"},{"personal_firstName":"Matthew","personal_lastName":"Hayes","personal_email":"matthew.hayes@example.com","residentialAddress_fullAddress":"61 Pinetree Avenue, Lenzie, Dunbartonshire, G66 4EQ"},{"personal_firstName":"Nancy","personal_lastName":"Montgomery","personal_email":"nancy.montgomery@live.com","residentialAddress_fullAddress":"400 Coltness Rd, Wishaw, Lanarkshire, ML2 7HP"},{"personal_firstName":"Sandra","personal_lastName":"Murray","personal_email":"sandra.murray@outlook.com","residentialAddress_fullAddress":"400 Coltness Rd, Wishaw, Lanarkshire, ML2 7HP"},{"personal_firstName":"Patricia","personal_lastName":"Weir","personal_email":"patricia.weir@helloworld.com","residentialAddress_fullAddress":"61 Pinetree Avenue, Lenzie, Dunbartonshire, G66 4EQ"},{"personal_firstName":"Jessica","personal_lastName":"Lescott","personal_email":"jessica.lescott@hotmail.co.uk","residentialAddress_fullAddress":"20 High Mill Court, Dundee, Angus, DD2 1UN"},{"personal_firstName":"Anthony","personal_lastName":"Anderson","personal_email":"anthony.anderson@live.co.uk","residentialAddress_fullAddress":"400 Coltness Rd, Wishaw, Lanarkshire, ML2 7HP"},{"personal_firstName":"Lisa","personal_lastName":"Montgomery","personal_email":"lisa.montgomery@hotmail.co.uk","residentialAddress_fullAddress":"111 Queen St, Glasgow, Glasgow, G1 3AH"},{"personal_firstName":"Karen","personal_lastName":"Hayes","personal_email":"karen.hayes@gmail.com","residentialAddress_fullAddress":"20 High Mill Court, Dundee, Angus, DD2 1UN"},{"personal_firstName":"Bobby","personal_lastName":"James","personal_email":"bobby.james@outlook.com","residentialAddress_fullAddress":"3 Callender Gardens, Dundee, Angus, DD4 6BY"},{"personal_firstName":"Kimberly","personal_lastName":"Barry","personal_email":"kimberly.barry@googlemail.com","residentialAddress_fullAddress":"400 Coltness Rd, Wishaw, Lanarkshire, ML2 7HP"},{"personal_firstName":"Anthony","personal_lastName":"Hayes","personal_email":"anthony.hayes@hotmail.com","residentialAddress_fullAddress":"111 Queen St, Glasgow, Glasgow, G1 3AH"},{"personal_firstName":"Stephen","personal_lastName":"Montgomery","personal_email":"stephen.montgomery@live.co.uk","residentialAddress_fullAddress":"400 Coltness Rd, Wishaw, Lanarkshire, ML2 7HP"},{"personal_firstName":"Stephen","personal_lastName":"Anderson","personal_email":"stephen.anderson@example.com","residentialAddress_fullAddress":"1 Glasgow Road, Edinburgh, Midlothian, EH12 8HW"},{"personal_firstName":"Mary","personal_lastName":"James","personal_email":"mary.james@live.co.uk","residentialAddress_fullAddress":"111 Queen St, Glasgow, Glasgow, G1 3AH"},{"personal_firstName":"Dorothy","personal_lastName":"McGregor","personal_email":"dorothy.mcgregor@live.co.uk","residentialAddress_fullAddress":"16 Pinetree Avenue, Lenzie, Dunbartonshire, G66 4EQ"},{"personal_firstName":"Donald","personal_lastName":"Barry","personal_email":"donald.barry@hotmail.co.uk","residentialAddress_fullAddress":"20 High Mill Court, Dundee, Angus, DD2 1UN"},{"personal_firstName":"Mary","personal_lastName":"Baxter","personal_email":"mary.baxter@hotmail.co.uk","residentialAddress_fullAddress":"20 High Mill Court, Dundee, Angus, DD2 1UN"},{"personal_firstName":"Patricia","personal_lastName":"Jenkins","personal_email":"patricia.jenkins@live.com","residentialAddress_fullAddress":"61 Pinetree Avenue, Lenzie, Dunbartonshire, G66 4EQ"},{"personal_firstName":"Richard","personal_lastName":"Scott","personal_email":"richard.scott@hotmail.com","residentialAddress_fullAddress":"61 Pinetree Avenue, Lenzie, Dunbartonshire, G66 4EQ"},{"personal_firstName":"James","personal_lastName":"McGregor","personal_email":"james.mcgregor@outlook.com","residentialAddress_fullAddress":"111 Queen St, Glasgow, Glasgow, G1 3AH"},{"personal_firstName":"Daniel","personal_lastName":"Montgomery","personal_email":"daniel.montgomery@example.com","residentialAddress_fullAddress":"98 Howatson Court, Livingston, Midlothian, EH54 7FH"},{"personal_firstName":"Mary","personal_lastName":"Montgomery","personal_email":"mary.montgomery@example.com","residentialAddress_fullAddress":"16 Pinetree Avenue, Lenzie, Dunbartonshire, G66 4EQ"},{"personal_firstName":"Robert","personal_lastName":"McGregor","personal_email":"robert.mcgregor@hotmail.co.uk","residentialAddress_fullAddress":"Castle Wynd, Stirling, Perthshire, FK8 1EJ"},{"personal_firstName":"Carol","personal_lastName":"Lescott","personal_email":"carol.lescott@hotmail.com","residentialAddress_fullAddress":"16 Pinetree Avenue, Lenzie, Dunbartonshire, G66 4EQ"},{"personal_firstName":"Ashley","personal_lastName":"Hayes","personal_email":"ashley.hayes@hotmail.co.uk","residentialAddress_fullAddress":"111 Queen St, Glasgow, Glasgow, G1 3AH"},{"personal_firstName":"Thomas","personal_lastName":"Scott","personal_email":"thomas.scott@hotmail.co.uk","residentialAddress_fullAddress":"3 Callender Gardens, Dundee, Angus, DD4 6BY"},{"personal_firstName":"Thomas","personal_lastName":"Montgomery","personal_email":"thomas.montgomery@aol.com","residentialAddress_fullAddress":"1 Glasgow Road, Edinburgh, Midlothian, EH12 8HW"},{"personal_firstName":"Jennifer","personal_lastName":"Smith","personal_email":"jennifer.smith@googlemail.com","residentialAddress_fullAddress":"400 Coltness Rd, Wishaw, Lanarkshire, ML2 7HP"},{"personal_firstName":"Matthew","personal_lastName":"James","personal_email":"matthew.james@outlook.com","residentialAddress_fullAddress":"1 Glasgow Road, Edinburgh, Midlothian, EH12 8HW"},{"personal_firstName":"Matthew","personal_lastName":"Brown","personal_email":"matthew.brown@googlemail.com","residentialAddress_fullAddress":"400 Coltness Rd, Wishaw, Lanarkshire, ML2 7HP"},{"personal_firstName":"Joanna","personal_lastName":"Brown","personal_email":"joanna.brown@aol.com","residentialAddress_fullAddress":"3 Callender Gardens, Dundee, Angus, DD4 6BY"},{"personal_firstName":"Betty","personal_lastName":"Hayes","personal_email":"betty.hayes@outlook.com","residentialAddress_fullAddress":"16 Pinetree Avenue, Lenzie, Dunbartonshire, G66 4EQ"},{"personal_firstName":"Dorothy","personal_lastName":"Smith","personal_email":"dorothy.smith@live.com","residentialAddress_fullAddress":"3 Callender Gardens, Dundee, Angus, DD4 6BY"},{"personal_firstName":"Michelle","personal_lastName":"Brown","personal_email":"michelle.brown@example.com","residentialAddress_fullAddress":"3 Callender Gardens, Dundee, Angus, DD4 6BY"},{"personal_firstName":"Bobby","personal_lastName":"Norman","personal_email":"bobby.norman@hotmail.com","residentialAddress_fullAddress":"61 Pinetree Avenue, Lenzie, Dunbartonshire, G66 4EQ"},{"personal_firstName":"Dorothy","personal_lastName":"Baxter","personal_email":"dorothy.baxter@helloworld.com","residentialAddress_fullAddress":"Castle Wynd, Stirling, Perthshire, FK8 1EJ"},{"personal_firstName":"Thomas","personal_lastName":"McGregor","personal_email":"thomas.mcgregor@hotmail.com","residentialAddress_fullAddress":"20 High Mill Court, Dundee, Angus, DD2 1UN"},{"personal_firstName":"Sandra","personal_lastName":"Baxter","personal_email":"sandra.baxter@example.com","residentialAddress_fullAddress":"400 Coltness Rd, Wishaw, Lanarkshire, ML2 7HP"},{"personal_firstName":"David","personal_lastName":"Hayes","personal_email":"david.hayes@googlemail.com","residentialAddress_fullAddress":"Castle Wynd, Stirling, Perthshire, FK8 1EJ"},{"personal_firstName":"Francis","personal_lastName":"Brown","personal_email":"francis.brown@outlook.com","residentialAddress_fullAddress":"61 Pinetree Avenue, Lenzie, Dunbartonshire, G66 4EQ"},{"personal_firstName":"Lisa","personal_lastName":"Weir","personal_email":"lisa.weir@helloworld.com","residentialAddress_fullAddress":"16 Pinetree Avenue, Lenzie, Dunbartonshire, G66 4EQ"},{"personal_firstName":"Ashley","personal_lastName":"Baxter","personal_email":"ashley.baxter@outlook.com","residentialAddress_fullAddress":"Castle Wynd, Stirling, Perthshire, FK8 1EJ"},{"personal_firstName":"Carol","personal_lastName":"Norman","personal_email":"carol.norman@helloworld.com","residentialAddress_fullAddress":"16 Pinetree Avenue, Lenzie, Dunbartonshire, G66 4EQ"},{"personal_firstName":"William","personal_lastName":"Baxter","personal_email":"william.baxter@aol.com","residentialAddress_fullAddress":"Castle Wynd, Stirling, Perthshire, FK8 1EJ"},{"personal_firstName":"John","personal_lastName":"James","personal_email":"john.james@hotmail.co.uk","residentialAddress_fullAddress":"16 Pinetree Avenue, Lenzie, Dunbartonshire, G66 4EQ"},{"personal_firstName":"Joshua","personal_lastName":"Hayes","personal_email":"joshua.hayes@outlook.com","residentialAddress_fullAddress":"1 Glasgow Road, Edinburgh, Midlothian, EH12 8HW"},{"personal_firstName":"Michelle","personal_lastName":"Barry","personal_email":"michelle.barry@outlook.com","residentialAddress_fullAddress":"20 High Mill Court, Dundee, Angus, DD2 1UN"},{"personal_firstName":"Thomas","personal_lastName":"Baxter","personal_email":"thomas.baxter@googlemail.com","residentialAddress_fullAddress":"12 Northfield Farm Road, Edinburgh, Midlothian, EH8 7QR"},{"personal_firstName":"Elizabeth","personal_lastName":"Murray","personal_email":"elizabeth.murray@outlook.com","residentialAddress_fullAddress":"12 Northfield Farm Road, Edinburgh, Midlothian, EH8 7QR"},{"personal_firstName":"Steven","personal_lastName":"Scott","personal_email":"steven.scott@hotmail.co.uk","residentialAddress_fullAddress":"3 Callender Gardens, Dundee, Angus, DD4 6BY"},{"personal_firstName":"Joshua","personal_lastName":"James","personal_email":"joshua.james@example.com","residentialAddress_fullAddress":"12 Northfield Farm Road, Edinburgh, Midlothian, EH8 7QR"},{"personal_firstName":"Kenneth","personal_lastName":"Baxter","personal_email":"kenneth.baxter@live.co.uk","residentialAddress_fullAddress":"1 Glasgow Road, Edinburgh, Midlothian, EH12 8HW"},{"personal_firstName":"Andrew","personal_lastName":"Barry","personal_email":"andrew.barry@example.com","residentialAddress_fullAddress":"1 Glasgow Road, Edinburgh, Midlothian, EH12 8HW"},{"personal_firstName":"Karen","personal_lastName":"Montgomery","personal_email":"karen.montgomery@gmail.com","residentialAddress_fullAddress":"12 Northfield Farm Road, Edinburgh, Midlothian, EH8 7QR"},{"personal_firstName":"Bobby","personal_lastName":"Scott","personal_email":"bobby.scott@live.co.uk","residentialAddress_fullAddress":"111 Queen St, Glasgow, Glasgow, G1 3AH"},{"personal_firstName":"Karen","personal_lastName":"James","personal_email":"karen.james@helloworld.com","residentialAddress_fullAddress":"20 High Mill Court, Dundee, Angus, DD2 1UN"},{"personal_firstName":"Carol","personal_lastName":"Montgomery","personal_email":"carol.montgomery@aol.com","residentialAddress_fullAddress":"98 Howatson Court, Livingston, Midlothian, EH54 7FH"},{"personal_firstName":"Martin","personal_lastName":"Norman","personal_email":"martin.norman@live.co.uk","residentialAddress_fullAddress":"61 Pinetree Avenue, Lenzie, Dunbartonshire, G66 4EQ"},{"personal_firstName":"Karen","personal_lastName":"Jenkins","personal_email":"karen.jenkins@gmail.com","residentialAddress_fullAddress":"111 Queen St, Glasgow, Glasgow, G1 3AH"},{"personal_firstName":"Peter","personal_lastName":"Martin","personal_email":"peter.martin@live.com","residentialAddress_fullAddress":"98 Howatson Court, Livingston, Midlothian, EH54 7FH"},{"personal_firstName":"Francis","personal_lastName":"Scott","personal_email":"francis.scott@aol.com","residentialAddress_fullAddress":"400 Coltness Rd, Wishaw, Lanarkshire, ML2 7HP"},{"personal_firstName":"Susan","personal_lastName":"Barry","personal_email":"susan.barry@outlook.com","residentialAddress_fullAddress":"10 Princes Street, Dundee, Angus, DD4 6BY"},{"personal_firstName":"Matthew","personal_lastName":"Jenkins","personal_email":"matthew.jenkins@aol.com","residentialAddress_fullAddress":"1 Glasgow Road, Edinburgh, Midlothian, EH12 8HW"},{"personal_firstName":"Oscar","personal_lastName":"Scott","personal_email":"oscar.scott@aol.com","residentialAddress_fullAddress":"10 Princes Street, Dundee, Angus, DD4 6BY"},{"personal_firstName":"Ashley","personal_lastName":"McGregor","personal_email":"ashley.mcgregor@gmail.com","residentialAddress_fullAddress":"Castle Wynd, Stirling, Perthshire, FK8 1EJ"},{"personal_firstName":"Carol","personal_lastName":"Martin","personal_email":"carol.martin@helloworld.com","residentialAddress_fullAddress":"61 Pinetree Avenue, Lenzie, Dunbartonshire, G66 4EQ"},{"personal_firstName":"Bernard","personal_lastName":"Barry","personal_email":"bernard.barry@live.com","residentialAddress_fullAddress":"111 Queen St, Glasgow, Glasgow, G1 3AH"},{"personal_firstName":"Ashley","personal_lastName":"Smith","personal_email":"ashley.smith@gmail.com","residentialAddress_fullAddress":"400 Coltness Rd, Wishaw, Lanarkshire, ML2 7HP"},{"personal_firstName":"Joshua","personal_lastName":"Montgomery","personal_email":"joshua.montgomery@helloworld.com","residentialAddress_fullAddress":"3 Callender Gardens, Dundee, Angus, DD4 6BY"},{"personal_firstName":"Steven","personal_lastName":"Scott","personal_email":"steven.scott@gmail.com","residentialAddress_fullAddress":"16 Pinetree Avenue, Lenzie, Dunbartonshire, G66 4EQ"},{"personal_firstName":"Martin","personal_lastName":"Hayes","personal_email":"martin.hayes@hotmail.co.uk","residentialAddress_fullAddress":"1 Glasgow Road, Edinburgh, Midlothian, EH12 8HW"},{"personal_firstName":"Patricia","personal_lastName":"Anderson","personal_email":"patricia.anderson@outlook.com","residentialAddress_fullAddress":"61 Pinetree Avenue, Lenzie, Dunbartonshire, G66 4EQ"},{"personal_firstName":"Amber","personal_lastName":"Jenkins","personal_email":"amber.jenkins@hotmail.co.uk","residentialAddress_fullAddress":"12 Northfield Farm Road, Edinburgh, Midlothian, EH8 7QR"},{"personal_firstName":"Sandra","personal_lastName":"Barry","personal_email":"sandra.barry@live.com","residentialAddress_fullAddress":"20 High Mill Court, Dundee, Angus, DD2 1UN"},{"personal_firstName":"Martin","personal_lastName":"Barry","personal_email":"martin.barry@live.co.uk","residentialAddress_fullAddress":"3 Callender Gardens, Dundee, Angus, DD4 6BY"},{"personal_firstName":"Francis","personal_lastName":"Lescott","personal_email":"francis.lescott@live.co.uk","residentialAddress_fullAddress":"10 Princes Street, Dundee, Angus, DD4 6BY"},{"personal_firstName":"Sarah","personal_lastName":"Hayes","personal_email":"sarah.hayes@outlook.com","residentialAddress_fullAddress":"61 Pinetree Avenue, Lenzie, Dunbartonshire, G66 4EQ"},{"personal_firstName":"Carol","personal_lastName":"Barry","personal_email":"carol.barry@hotmail.com","residentialAddress_fullAddress":"3 Callender Gardens, Dundee, Angus, DD4 6BY"},{"personal_firstName":"John","personal_lastName":"Owen","personal_email":"john.owen@hotmail.co.uk","residentialAddress_fullAddress":"61 Pinetree Avenue, Lenzie, Dunbartonshire, G66 4EQ"},{"personal_firstName":"Joshua","personal_lastName":"Martin","personal_email":"joshua.martin@hotmail.co.uk","residentialAddress_fullAddress":"12 Northfield Farm Road, Edinburgh, Midlothian, EH8 7QR"},{"personal_firstName":"Thomas","personal_lastName":"Owen","personal_email":"thomas.owen@live.com","residentialAddress_fullAddress":"10 Princes Street, Dundee, Angus, DD4 6BY"},{"personal_firstName":"Jessica","personal_lastName":"Baxter","personal_email":"jessica.baxter@helloworld.com","residentialAddress_fullAddress":"3 Callender Gardens, Dundee, Angus, DD4 6BY"},{"personal_firstName":"Stephen","personal_lastName":"Smith","personal_email":"stephen.smith@gmail.com","residentialAddress_fullAddress":"1 Glasgow Road, Edinburgh, Midlothian, EH12 8HW"},{"personal_firstName":"James","personal_lastName":"Lescott","personal_email":"james.lescott@hotmail.com","residentialAddress_fullAddress":"400 Coltness Rd, Wishaw, Lanarkshire, ML2 7HP"},{"personal_firstName":"Bobby","personal_lastName":"James","personal_email":"bobby.james@googlemail.com","residentialAddress_fullAddress":"10 Princes Street, Dundee, Angus, DD4 6BY"}]