[{"personal_firstName":"Stephen","personal_lastName":"Owen","personal_email":"stephen.owen@gmail.com","residentialAddress_fullAddress":"16 Pinetree Avenue, Lenzie, Dunbartonshire, G66 4EQ"},{"personal_firstName":"John","personal_lastName":"Jenkins","personal_email":"john.jenkins@aol.com","residentialAddress_fullAddress":"3 Callender Gardens, Dundee, Angus, DD4 6BY"},{"personal_firstName":"David","personal_lastName":"Baxter","personal_email":"david.baxter@hotmail.co.uk","residentialAddress_fullAddress":"Castle Wynd, Stirling, Perthshire, FK8 1EJ"},{"personal_firstName":"Emily","personal_lastName":"Scott","personal_email":"emily.scott@outlook.com","residentialAddress_fullAddress":"Castle Wynd, Stirling, Perthshire, FK8 1EJ"},{"personal_firstName":"Peter","personal_lastName":"Hayes","personal_email":"peter.hayes@outlook.com","residentialAddress_fullAddress":"111 Queen St, Glasgow, Glasgow, G1 3AH"},{"personal_firstName":"Margaret","personal_lastName":"Martin","personal_email":"margaret.martin@example.com","residentialAddress_fullAddress":"12 Northfield Farm Road, Edinburgh, Midlothian, EH8 7QR"},{"personal_firstName":"Amber","personal_lastName":"Baxter","personal_email":"amber.baxter@hotmail.com","residentialAddress_fullAddress":"3 Callender Gardens, Dundee, Angus, DD4 6BY"},{"personal_firstName":"Charles","personal_lastName":"Anderson","personal_email":"charles.anderson@googlemail.com","residentialAddress_fullAddress":"98 Howatson Court, Livingston, Midlothian, EH54 7FH"},{"personal_firstName":"Karen","personal_lastName":"Martin","personal_email":"karen.martin@live.co.uk","residentialAddress_fullAddress":"20 High Mill Court, Dundee, Angus, DD2 1UN"},{"personal_firstName":"Carol","personal_lastName":"Smith","personal_email":"carol.smith@helloworld.com","residentialAddress_fullAddress":"10 Princes Street, Dundee, Angus, DD4 6BY"},{"personal_firstName":"Charles","personal_lastName":"Norman","personal_email":"charles.norman@live.com","residentialAddress_fullAddress":"98 Howatson Court, Livingston, Midlothian, EH54 7FH"},{"personal_firstName":"Linda","personal_lastName":"Barry","personal_email":"linda.barry@hotmail.com","residentialAddress_fullAddress":"10 Princes Street, Dundee, Angus, DD4 6BY"},{"personal_firstName":"Oscar","personal_lastName":"Owen","personal_email":"oscar.owen@aol.com","residentialAddress_fullAddress":"16 Pinetree Avenue, Lenzie, Dunbartonshire, G66 4EQ"},{"personal_firstName":"Sarah","personal_lastName":"Smith","personal_email":"sarah.smith@outlook.com","residentialAddress_fullAddress":"3 Callender Gardens, Dundee, Angus, DD4 6BY"},{"personal_firstName":"Sarah","personal_lastName":"Norman","personal_email":"sarah.norman@gmail.com","residentialAddress_fullAddress":"20 High Mill Court, Dundee, Angus, DD2 1UN"},{"personal_firstName":"Karen","personal_lastName":"Owen","personal_email":"karen.owen@gmail.com","residentialAddress_fullAddress":"10 Princes Street, Dundee, Angus, DD4 6BY"},{"personal_firstName":"Carol","personal_lastName":"Hayes","personal_email":"carol.hayes@aol.com","residentialAddress_fullAddress":"1 Glasgow Road, Edinburgh, Midlothian, EH12 8HW"},{"personal_firstName":"Susan","personal_lastName":"Montgomery","personal_email":"susan.montgomery@aol.com","residentialAddress_fullAddress":"12 Northfield Farm Road, Edinburgh, Midlothian, EH8 7QR"},{"personal_firstName":"Margaret","personal_lastName":"Jenkins","personal_email":"margaret.jenkins@helloworld.com","residentialAddress_fullAddress":"20 High Mill Court, Dundee, Angus, DD2 1UN"},{"personal_firstName":"Margaret","personal_lastName":"Anderson","personal_email":"margaret.anderson@live.co.uk","residentialAddress_fullAddress":"111 Queen St, Glasgow, Glasgow, G1 3AH"},{"personal_firstName":"Donna","personal_lastName":"Smith","personal_email":"donna.smith@aol.com","residentialAddress_fullAddress":"1 Glasgow Road, Edinburgh, Midlothian, EH12 8HW"},{"personal_firstName":"Margaret","personal_lastName":"Jenkins","personal_email":"margaret.jenkins@example.com","residentialAddress_fullAddress":"10 Princes Street, Dundee, Angus, DD4 6BY"},{"personal_firstName":"Susan","personal_lastName":"Barry","personal_email":"susan.barry@helloworld.com","residentialAddress_fullAddress":"111 Queen St, Glasgow, Glasgow, G1 3AH"},{"personal_firstName":"Anthony","personal_lastName":"James","personal_email":"anthony.james@gmail.com","residentialAddress_fullAddress":"1 Glasgow Road, Edinburgh, Midlothian, EH12 8HW"},{"personal_firstName":"Christopher","personal_lastName":"Smith","personal_email":"christopher.smith@outlook.com","residentialAddress_fullAddress":"61 Pinetree Avenue, Lenzie, Dunbartonshire, G66 4EQ"},{"personal_firstName":"James","personal_lastName":"Murray","personal_email":"james.murray@outlook.com","residentialAddress_fullAddress":"20 High Mill Court, Dundee, Angus, DD2 1UN"},{"personal_firstName":"Betty","personal_lastName":"Scott","personal_email":"betty.scott@live.co.uk","residentialAddress_fullAddress":"Castle Wynd, Stirling, Perthshire, FK8 1EJ"},{"personal_firstName":"Susan","personal_lastName":"Montgomery","personal_email":"susan.montgomery@hotmail.co.uk","residentialAddress_fullAddress":"3 Callender Gardens, Dundee, Angus, DD4 6BY"},{"personal_firstName":"Carol","personal_lastName":"Murray","personal_email":"carol.murray@aol.com","residentialAddress_fullAddress":"12 Northfield Farm Road, Edinburgh, Midlothian, EH8 7QR"},{"personal_firstName":"Dorothy","personal_lastName":"Martin","personal_email":"dorothy.martin@aol.com","residentialAddress_fullAddress":"3 Callender Gardens, Dundee, Angus, DD4 6BY"},{"personal_firstName":"William","personal_lastName":"Hayes","personal_email":"william.hayes@googlemail.com","residentialAddress_fullAddress":"1 Glasgow Road, Edinburgh, Midlothian, EH12 8HW"},{"personal_firstName":"Sarah","personal_lastName":"Weir","personal_email":"sarah.weir@hotmail.com","residentialAddress_fullAddress":"20 High Mill Court, Dundee, Angus, DD2 1UN"},{"personal_firstName":"Barbara","personal_lastName":"James","personal_email":"barbara.james@outlook.com","residentialAddress_fullAddress":"3 Callender Gardens, Dundee, Angus, DD4 6BY"},{"personal_firstName":"Barbara","personal_lastName":"Lescott","personal_email":"barbara.lescott@helloworld.com","residentialAddress_fullAddress":"16 Pinetree Avenue, Lenzie, Dunbartonshire, G66 4EQ"},{"personal_firstName":"Joshua","personal_lastName":"Baxter","personal_email":"joshua.baxter@helloworld.com","residentialAddress_fullAddress":"61 Pinetree Avenue, Lenzie, Dunbartonshire, G66 4EQ"},{"personal_firstName":"Richard","personal_lastName":"Norman","personal_email":"richard.norman@hotmail.com","residentialAddress_fullAddress":"98 Howatson Court, Livingston, Midlothian, EH54 7FH"},{"personal_firstName":"Amber","personal_lastName":"Lescott","personal_email":"amber.lescott@aol.com","residentialAddress_fullAddress":"10 Princes Street, Dundee, Angus, DD4 6BY"},{"personal_firstName":"Joshua","personal_lastName":"Lescott","personal_email":"joshua.lescott@example.com","residentialAddress_fullAddress":"12 Northfield Farm Road, Edinburgh, Midlothian, EH8 7QR"},{"personal_firstName":"Sandra","personal_lastName":"Smith","personal_email":"sandra.smith@aol.com","residentialAddress_fullAddress":"98 Howatson Court, Livingston, Midlothian, EH54 7FH"},{"personal_firstName":"Dorothy","personal_lastName":"Martin","personal_email":"dorothy.martin@example.com","residentialAddress_fullAddress":"3 Callender Gardens, Dundee, Angus, DD4 6BY"},{"personal_firstName":"Francis","personal_lastName":"Martin","personal_email":"francis.martin@hotmail.co.uk","residentialAddress_fullAddress":"3 Callender Gardens, Dundee, Angus, DD4 6BY"},{"personal_firstName":"Joshua","personal_lastName":"McGregor","personal_email":"joshua.mcgregor@googlemail.com","residentialAddress_fullAddress":"400 Coltness Rd, Wishaw, Lanarkshire, ML2 7HP"},{"personal_firstName":"Michelle","personal_lastName":"Hayes","personal_email":"michelle.hayes@helloworld.com","residentialAddress_fullAddress":"1 Glasgow Road, Edinburgh, Midlothian, EH12 8HW"},{"personal_firstName":"Bernard","personal_lastName":"Montgomery","personal_email":"bernard.montgomery@hotmail.com","residentialAddress_fullAddress":"10 Princes Street, Dundee, Angus, DD4 6BY"},{"personal_firstName":"Carol","personal_lastName":"Smith","personal_email":"carol.smith@aol.com","residentialAddress_fullAddress":"111 Queen St, Glasgow, Glasgow, G1 3AH"},{"personal_firstName":"Joshua","personal_lastName":"Murray","personal_email":"joshua.murray@live.co.uk","residentialAddress_fullAddress":"1 Glasgow Road, Edinburgh, Midlothian, EH12 8HW"},{"personal_firstName":"Christopher","personal_lastName":"Hayes","personal_email":"christopher.hayes@hotmail.co.uk","residentialAddress_fullAddress":"16 Pinetree Avenue, Lenzie, Dunbartonshire, G66 4EQ"},{"personal_firstName":"Richard","personal_lastName":"Owen","personal_email":"richard.owen@helloworld.com","residentialAddress_fullAddress":"12 Northfield Farm Road, Edinburgh, Midlothian, EH8 7QR"},{"personal_firstName":"Dorothy","personal_lastName":"James","personal_email":"dorothy.james@example.com","residentialAddress_fullAddress":"400 Coltness Rd, Wishaw, Lanarkshire, ML2 7HP"},{"personal_firstName":"Andrew","personal_lastName":"James","personal_email":"andrew.james@googlemail.com","residentialAddress_fullAddress":"10 Princes Street, Dundee, Angus, DD4 6BY"},{"personal_firstName":"Peter","personal_lastName":"Lescott","personal_email":"peter.lescott@aol.com","residentialAddress_fullAddress":"3 Callender Gardens, Dundee, Angus, DD4 6BY"},{"personal_firstName":"Anthony","personal_lastName":"Smith","personal_email":"anthony.smith@hotmail.co.uk","residentialAddress_fullAddress":"1 Glasgow Road, Edinburgh, Midlothian, EH12 8HW"},{"personal_firstName":"Robert","personal_lastName":"Brown","personal_email":"robert.brown@outlook.com","residentialAddress_fullAddress":"12 Northfield Farm Road, Edinburgh, Midlothian, EH8 7QR"},{"personal_firstName":"Linda","personal_lastName":"Anderson","personal_email":"linda.anderson@gmail.com","residentialAddress_fullAddress":"20 High Mill Court, Dundee, Angus, DD2 1UN"},{"personal_firstName":"Peter","personal_lastName":"Montgomery","personal_email":"peter.montgomery@live.co.uk","residentialAddress_fullAddress":"98 Howatson Court, Livingston, Midlothian, EH54 7FH"},{"personal_firstName":"Sandra","personal_lastName":"Barry","personal_email":"sandra.barry@helloworld.com","residentialAddress_fullAddress":"20 High Mill Court, Dundee, Angus, DD2 1UN"},{"personal_firstName":"William","personal_lastName":"Murray","personal_email":"william.murray@live.com","residentialAddress_fullAddress":"111 Queen St, Glasgow, Glasgow, G1 3AH"},{"personal_firstName":"Joshua","personal_lastName":"Barry","personal_email":"joshua.barry@hotmail.co.uk","residentialAddress_fullAddress":"98 Howatson Court, Livingston, Midlothian, EH54 7FH"},{"personal_firstName":"Michelle","personal_lastName":"Baxter","personal_email":"michelle.baxter@hotmail.co.uk","residentialAddress_fullAddress":"Castle Wynd, Stirling, Perthshire, FK8 1EJ"},{"personal_firstName":"Stephen","personal_lastName":"Lescott","personal_email":"stephen.lescott@hotmail.com","residentialAddress_fullAddress":"98 Howatson Court, Livingston, Midlothian, EH54 7FH"},{"personal_firstName":"Paul","personal_lastName":"Lescott","personal_email":"paul.lescott@live.co.uk","residentialAddress_fullAddress":"12 Northfield Farm Road, Edinburgh, Midlothian, EH8 7QR"},{"personal_firstName":"Andrew","personal_lastName":"Hayes","personal_email":"andrew.hayes@aol.com","residentialAddress_fullAddress":"98 Howatson Court, Livingston, Midlothian, EH54 7FH"},{"personal_firstName":"Donna","personal_lastName":"McGregor","personal_email":"donna.mcgregor@outlook.com","residentialAddress_fullAddress":"12 Northfield Farm Road, Edinburgh, Midlothian, EH8 7QR"},{"personal_firstName":"Joshua","personal_lastName":"Martin","personal_email":"joshua.martin@gmail.com","residentialAddress_fullAddress":"400 Coltness Rd, Wishaw, Lanarkshire, ML2 7HP"},{"personal_firstName":"Peter","personal_lastName":"Lescott","personal_email":"peter.lescott@live.com","residentialAddress_fullAddress":"16 Pinetree Avenue, Lenzie, Dunbartonshire, G66 4EQ"},{"personal_firstName":"Betty","personal_lastName":"James","personal_email":"betty.james@live.co.uk","residentialAddress_fullAddress":"61 Pinetree Avenue, Lenzie, Dunbartonshire, G66 4EQ"},{"personal_firstName":"Thomas","personal_lastName":"Owen","personal_email":"thomas.owen@outlook.com","residentialAddress_fullAddress":"98 Howatson Court, Livingston, Midlothian, EH54 7FH"},{"personal_firstName":"Margaret","personal_lastName":"Baxter","personal_email":"margaret.baxter@example.com","residentialAddress_fullAddress":"61 Pinetree Avenue, Lenzie, Dunbartonshire, G66 4EQ"},{"personal_firstName":"Karen","personal_lastName":"Martin","personal_email":"karen.martin@live.co.uk","residentialAddress_fullAddress":"20 High Mill Court, Dundee, Angus, DD2 1UN"},{"personal_firstName":"Bernard","personal_lastName":"Anderson","personal_email":"bernard.anderson@hotmail.com","residentialAddress_fullAddress":"3 Callender Gardens, Dundee, Angus, DD4 6BY"},{"personal_firstName":"Kimberly","personal_lastName":"Murray","personal_email":"kimberly.murray@live.co.uk","residentialAddress_fullAddress":"400 Coltness Rd, Wishaw, Lanarkshire, ML2 7HP"},{"personal_firstName":"Paul","personal_lastName":"James","personal_email":"paul.james@hotmail.co.uk","residentialAddress_fullAddress":"61 Pinetree Avenue, Lenzie, Dunbartonshire, G66 4EQ"},{"personal_firstName":"Robert","personal_lastName":"Montgomery","personal_email":"robert.montgomery@hotmail.com","residentialAddress_fullAddress":"111 Queen St, Glasgow, Glasgow, G1 3AH"},{"personal_firstName":"Joanna","personal_lastName":"Martin","personal_email":"joanna.martin@aol.com","residentialAddress_fullAddress":"12 Northfield Farm Road, Edinburgh, Midlothian, EH8 7QR"},{"personal_firstName":"Bernard","personal_lastName":"Norman","personal_email":"bernard.norman@outlook.com","residentialAddress_fullAddress":"98 Howatson Court, Livingston, Midlothian, EH54 7FH"},{"personal_firstName":"Emily","personal_lastName":"Weir","personal_email":"emily.weir@gmail.com","residentialAddress_fullAddress":"111 Queen St, Glasgow, Glasgow, G1 3AH"},{"personal_firstName":"Lisa","personal_lastName":"Hayes","personal_email":"lisa.hayes@aol.com","residentialAddress_fullAddress":"61 Pinetree Avenue, Lenzie, Dunbartonshire, G66 4EQ"},{"personal_firstName":"Charles","personal_lastName":"Hayes","personal_email":"charles.hayes@example.com","residentialAddress_fullAddress":"10 Princes Street, Dundee, Angus, DD4 6BY"},{"personal_firstName":"Mark","personal_lastName":"Baxter","personal_email":"mark.baxter@example.com","residentialAddress_fullAddress":"61 Pinetree Avenue, Lenzie, Dunbartonshire, G66 4EQ"},{"personal_firstName":"Linda","personal_lastName":"Baxter","personal_email":"linda.baxter@hotmail.com","residentialAddress_fullAddress":"3 Callender Gardens, Dundee, Angus, DD4 6BY"},{"personal_firstName":"Emily","personal_lastName":"Hayes","personal_email":"emily.hayes@example.com","residentialAddress_fullAddress":"10 Princes Street, Dundee, Angus, DD4 6BY"},{"personal_firstName":"Robert","personal_lastName":"Murray","personal_email":"robert.murray@live.co.uk","residentialAddress_fullAddress":"1 Glasgow Road, Edinburgh, Midlothian, EH12 8HW"},{"personal_firstName":"Steven","personal_lastName":"Weir","personal_email":"steven.weir@outlook.com","residentialAddress_fullAddress":"Castle Wynd, Stirling, Perthshire, FK8 1EJ"},{"personal_firstName":"Sarah","personal_lastName":"Anderson","personal_email":"sarah.anderson@outlook.com","residentialAddress_fullAddress":"3 Callender Gardens, Dundee, Angus, DD4 6BY"},{"personal_firstName":"Daniel","personal_lastName":"Scott","personal_email":"daniel.scott@helloworld.com","residentialAddress_fullAddress":"1 Glasgow Road, Edinburgh, Midlothian, EH12 8HW"},{"personal_firstName":"Karen","personal_lastName":"James","personal_email":"karen.james@live.co.uk","residentialAddress_fullAddress":"Castle Wynd, Stirling, Perthshire, FK8 1EJ"},{"personal_firstName":"Margaret","personal_lastName":"Scott","personal_email":"margaret.scott@googlemail.com","residentialAddress_fullAddress":"1 Glasgow Road, Edinburgh, Midlothian, EH12 8HW"},{"personal_firstName":"Dorothy","personal_lastName":"Smith","personal_email":"dorothy.smith@live.co.uk","residentialAddress_fullAddress":"Castle Wynd, Stirling, Perthshire, FK8 1EJ"},{"personal_firstName":"Joanna","personal_lastName":"Lescott","personal_email":"joanna.lescott@live.co.uk","residentialAddress_fullAddress":"98 Howatson Court, Livingston, Midlothian, EH54 7FH"},{"personal_firstName":"Bobby","personal_lastName":"Martin","personal_email":"bobby.martin@googlemail.com","residentialAddress_fullAddress":"98 Howatson Court, Livingston, Midlothian, EH54 7FH"},{"personal_firstName":"Charles","personal_lastName":"Barry","personal_email":"charles.barry@googlemail.com","residentialAddress_fullAddress":"1 Glasgow Road, Edinburgh, Midlothian, EH12 8HW"},{"personal_firstName":"Joshua","personal_lastName":"Barry","personal_email":"joshua.barry@live.com","residentialAddress_fullAddress":"1 Glasgow Road, Edinburgh, Midlothian, EH12 8HW"},{"personal_firstName":"William","personal_lastName":"Norman","personal_email":"william.norman@hotmail.co.uk","residentialAddress_fullAddress":"10 Princes Street, Dundee, Angus, DD4 6BY"},{"personal_firstName":"Nancy","personal_lastName":"Barry","personal_email":"nancy.barry@helloworld.com","residentialAddress_fullAddress":"1 Glasgow Road, Edinburgh, Midlothian, EH12 8HW"},{"personal_firstName":"Susan","personal_lastName":"Baxter","personal_email":"susan.baxter@example.com","residentialAddress_fullAddress":"Castle Wynd, Stirling, Perthshire, FK8 1EJ"},{"personal_firstName":"Matthew","personal_lastName":"Barry","personal_email":"matthew.barry@hotmail.com","residentialAddress_fullAddress":"20 High Mill Court, Dundee, Angus, DD2 1UN"},{"personal_firstName":"Kenneth","personal_lastName":"McGregor","personal_email":"kenneth.mcgregor@example.com","residentialAddress_fullAddress":"61 Pinetree Avenue, Lenzie, Dunbartonshire, G66 4EQ"},{"personal_firstName":"Daniel","personal_lastName":"Martin","personal_email":"daniel.martin@hotmail.com","residentialAddress_fullAddress":"10 Princes Street, Dundee, Angus, DD4 6BY"},{"personal_firstName":"Carol","personal_lastName":"Jenkins","personal_email":"carol.jenkins@gmail.com","residentialAddress_fullAddress":"16 Pinetree Avenue, Lenzie, Dunbartonshire, G66 4EQ"},{"personal_firstName":"Barbara","personal_lastName":"Lescott","personal_email":"barbara.lescott@live.co.uk","residentialAddress_fullAddress":"3 Callender Gardens, Dundee, Angus, DD4 6BY"}]