[{"personal_nino":"BZ640588B","personal_title":"MR","personal_firstName":"Lisa","personal_secondName":"Barbara","personal_lastName":"Smith","personal_fullName":"Lisa Smith","personal_startDate":"23/12/2005","personal_dobFormatted":"26/08/1968","personal_name1DrivingLicence":"SMITH608268L99SI","personal_email":"lisa.smith@aol.com","personal_mobileNumber":"07547214080","personal_gender":"M","personal_nationality":"Chinese","residentialAddress_firstLine":"61 Pinetree Avenue","residentialAddress_city":"Lenzie","residentialAddress_county":"Dunbartonshire","residentialAddress_postCode":"G66 4EQ","residentialAddress_moveInDate":"30/10/2019","financial_accountName":"Credit Union","financial_accountNumber":"72865510","financial_iban":"ea01qJwt52052538764109","financial_sortCode":"370428","financial_swift":"BynGfj39IOj","financial_rollNumber":"nDX-y635771/c","financial_accountTypes":"BA45000"}]