[{"personal_firstName":"Richard","personal_lastName":"Hayes","personal_email":"richard.hayes@helloworld.com","residentialAddress_fullAddress":"400 Coltness Rd, Wishaw, Lanarkshire, ML2 7HP"},{"personal_firstName":"Jennifer","personal_lastName":"Scott","personal_email":"jennifer.scott@helloworld.com","residentialAddress_fullAddress":"61 Pinetree Avenue, Lenzie, Dunbartonshire, G66 4EQ"},{"personal_firstName":"Paul","personal_lastName":"Brown","personal_email":"paul.brown@example.com","residentialAddress_fullAddress":"Castle Wynd, Stirling, Perthshire, FK8 1EJ"},{"personal_firstName":"Richard","personal_lastName":"Scott","personal_email":"richard.scott@outlook.com","residentialAddress_fullAddress":"12 Northfield Farm Road, Edinburgh, Midlothian, EH8 7QR"},{"personal_firstName":"Joanna","personal_lastName":"Martin","personal_email":"joanna.martin@live.com","residentialAddress_fullAddress":"400 Coltness Rd, Wishaw, Lanarkshire, ML2 7HP"},{"personal_firstName":"Jessica","personal_lastName":"Lescott","personal_email":"jessica.lescott@hotmail.co.uk","residentialAddress_fullAddress":"98 Howatson Court, Livingston, Midlothian, EH54 7FH"},{"personal_firstName":"Michelle","personal_lastName":"Martin","personal_email":"michelle.martin@example.com","residentialAddress_fullAddress":"98 Howatson Court, Livingston, Midlothian, EH54 7FH"},{"personal_firstName":"Elizabeth","personal_lastName":"Murray","personal_email":"elizabeth.murray@live.co.uk","residentialAddress_fullAddress":"12 Northfield Farm Road, Edinburgh, Midlothian, EH8 7QR"},{"personal_firstName":"James","personal_lastName":"Weir","personal_email":"james.weir@googlemail.com","residentialAddress_fullAddress":"111 Queen St, Glasgow, Glasgow, G1 3AH"},{"personal_firstName":"Bernard","personal_lastName":"Montgomery","personal_email":"bernard.montgomery@live.com","residentialAddress_fullAddress":"61 Pinetree Avenue, Lenzie, Dunbartonshire, G66 4EQ"},{"personal_firstName":"Charles","personal_lastName":"Weir","personal_email":"charles.weir@example.com","residentialAddress_fullAddress":"400 Coltness Rd, Wishaw, Lanarkshire, ML2 7HP"},{"personal_firstName":"Linda","personal_lastName":"Baxter","personal_email":"linda.baxter@hotmail.com","residentialAddress_fullAddress":"61 Pinetree Avenue, Lenzie, Dunbartonshire, G66 4EQ"},{"personal_firstName":"Donald","personal_lastName":"McGregor","personal_email":"donald.mcgregor@hotmail.com","residentialAddress_fullAddress":"400 Coltness Rd, Wishaw, Lanarkshire, ML2 7HP"},{"personal_firstName":"Andrew","personal_lastName":"Owen","personal_email":"andrew.owen@live.co.uk","residentialAddress_fullAddress":"111 Queen St, Glasgow, Glasgow, G1 3AH"},{"personal_firstName":"Oscar","personal_lastName":"James","personal_email":"oscar.james@live.co.uk","residentialAddress_fullAddress":"20 High Mill Court, Dundee, Angus, DD2 1UN"},{"personal_firstName":"Barbara","personal_lastName":"Smith","personal_email":"barbara.smith@aol.com","residentialAddress_fullAddress":"10 Princes Street, Dundee, Angus, DD4 6BY"},{"personal_firstName":"Linda","personal_lastName":"James","personal_email":"linda.james@helloworld.com","residentialAddress_fullAddress":"1 Glasgow Road, Edinburgh, Midlothian, EH12 8HW"},{"personal_firstName":"Paul","personal_lastName":"Norman","personal_email":"paul.norman@helloworld.com","residentialAddress_fullAddress":"Castle Wynd, Stirling, Perthshire, FK8 1EJ"},{"personal_firstName":"Kimberly","personal_lastName":"Brown","personal_email":"kimberly.brown@helloworld.com","residentialAddress_fullAddress":"61 Pinetree Avenue, Lenzie, Dunbartonshire, G66 4EQ"},{"personal_firstName":"Jessica","personal_lastName":"Anderson","personal_email":"jessica.anderson@hotmail.co.uk","residentialAddress_fullAddress":"111 Queen St, Glasgow, Glasgow, G1 3AH"},{"personal_firstName":"Robert","personal_lastName":"Weir","personal_email":"robert.weir@googlemail.com","residentialAddress_fullAddress":"3 Callender Gardens, Dundee, Angus, DD4 6BY"},{"personal_firstName":"Linda","personal_lastName":"Scott","personal_email":"linda.scott@googlemail.com","residentialAddress_fullAddress":"1 Glasgow Road, Edinburgh, Midlothian, EH12 8HW"},{"personal_firstName":"Sandra","personal_lastName":"Barry","personal_email":"sandra.barry@aol.com","residentialAddress_fullAddress":"98 Howatson Court, Livingston, Midlothian, EH54 7FH"},{"personal_firstName":"John","personal_lastName":"Montgomery","personal_email":"john.montgomery@gmail.com","residentialAddress_fullAddress":"3 Callender Gardens, Dundee, Angus, DD4 6BY"},{"personal_firstName":"Paul","personal_lastName":"Weir","personal_email":"paul.weir@outlook.com","residentialAddress_fullAddress":"20 High Mill Court, Dundee, Angus, DD2 1UN"},{"personal_firstName":"John","personal_lastName":"Norman","personal_email":"john.norman@hotmail.co.uk","residentialAddress_fullAddress":"1 Glasgow Road, Edinburgh, Midlothian, EH12 8HW"},{"personal_firstName":"Oscar","personal_lastName":"James","personal_email":"oscar.james@live.com","residentialAddress_fullAddress":"20 High Mill Court, Dundee, Angus, DD2 1UN"},{"personal_firstName":"Christopher","personal_lastName":"Baxter","personal_email":"christopher.baxter@outlook.com","residentialAddress_fullAddress":"3 Callender Gardens, Dundee, Angus, DD4 6BY"},{"personal_firstName":"Susan","personal_lastName":"Scott","personal_email":"susan.scott@live.com","residentialAddress_fullAddress":"16 Pinetree Avenue, Lenzie, Dunbartonshire, G66 4EQ"},{"personal_firstName":"Andrew","personal_lastName":"Lescott","personal_email":"andrew.lescott@live.co.uk","residentialAddress_fullAddress":"Castle Wynd, Stirling, Perthshire, FK8 1EJ"},{"personal_firstName":"Jessica","personal_lastName":"Norman","personal_email":"jessica.norman@googlemail.com","residentialAddress_fullAddress":"1 Glasgow Road, Edinburgh, Midlothian, EH12 8HW"},{"personal_firstName":"Robert","personal_lastName":"Owen","personal_email":"robert.owen@helloworld.com","residentialAddress_fullAddress":"1 Glasgow Road, Edinburgh, Midlothian, EH12 8HW"},{"personal_firstName":"David","personal_lastName":"Smith","personal_email":"david.smith@live.co.uk","residentialAddress_fullAddress":"10 Princes Street, Dundee, Angus, DD4 6BY"},{"personal_firstName":"James","personal_lastName":"Owen","personal_email":"james.owen@hotmail.co.uk","residentialAddress_fullAddress":"Castle Wynd, Stirling, Perthshire, FK8 1EJ"},{"personal_firstName":"Joanna","personal_lastName":"Brown","personal_email":"joanna.brown@aol.com","residentialAddress_fullAddress":"16 Pinetree Avenue, Lenzie, Dunbartonshire, G66 4EQ"},{"personal_firstName":"Paul","personal_lastName":"Martin","personal_email":"paul.martin@live.com","residentialAddress_fullAddress":"1 Glasgow Road, Edinburgh, Midlothian, EH12 8HW"},{"personal_firstName":"Karen","personal_lastName":"Martin","personal_email":"karen.martin@helloworld.com","residentialAddress_fullAddress":"10 Princes Street, Dundee, Angus, DD4 6BY"},{"personal_firstName":"Matthew","personal_lastName":"Norman","personal_email":"matthew.norman@live.co.uk","residentialAddress_fullAddress":"Castle Wynd, Stirling, Perthshire, FK8 1EJ"},{"personal_firstName":"Thomas","personal_lastName":"Weir","personal_email":"thomas.weir@helloworld.com","residentialAddress_fullAddress":"111 Queen St, Glasgow, Glasgow, G1 3AH"},{"personal_firstName":"Charles","personal_lastName":"Baxter","personal_email":"charles.baxter@live.com","residentialAddress_fullAddress":"3 Callender Gardens, Dundee, Angus, DD4 6BY"},{"personal_firstName":"William","personal_lastName":"Martin","personal_email":"william.martin@live.com","residentialAddress_fullAddress":"Castle Wynd, Stirling, Perthshire, FK8 1EJ"},{"personal_firstName":"Bernard","personal_lastName":"Baxter","personal_email":"bernard.baxter@hotmail.com","residentialAddress_fullAddress":"400 Coltness Rd, Wishaw, Lanarkshire, ML2 7HP"},{"personal_firstName":"Mary","personal_lastName":"Brown","personal_email":"mary.brown@hotmail.co.uk","residentialAddress_fullAddress":"10 Princes Street, Dundee, Angus, DD4 6BY"},{"personal_firstName":"Michelle","personal_lastName":"Weir","personal_email":"michelle.weir@hotmail.co.uk","residentialAddress_fullAddress":"61 Pinetree Avenue, Lenzie, Dunbartonshire, G66 4EQ"},{"personal_firstName":"Steven","personal_lastName":"Norman","personal_email":"steven.norman@gmail.com","residentialAddress_fullAddress":"98 Howatson Court, Livingston, Midlothian, EH54 7FH"},{"personal_firstName":"Sarah","personal_lastName":"Brown","personal_email":"sarah.brown@gmail.com","residentialAddress_fullAddress":"10 Princes Street, Dundee, Angus, DD4 6BY"},{"personal_firstName":"Mary","personal_lastName":"Brown","personal_email":"mary.brown@live.co.uk","residentialAddress_fullAddress":"61 Pinetree Avenue, Lenzie, Dunbartonshire, G66 4EQ"},{"personal_firstName":"Dorothy","personal_lastName":"Murray","personal_email":"dorothy.murray@hotmail.co.uk","residentialAddress_fullAddress":"Castle Wynd, Stirling, Perthshire, FK8 1EJ"},{"personal_firstName":"Jessica","personal_lastName":"Scott","personal_email":"jessica.scott@helloworld.com","residentialAddress_fullAddress":"3 Callender Gardens, Dundee, Angus, DD4 6BY"},{"personal_firstName":"Bernard","personal_lastName":"Murray","personal_email":"bernard.murray@example.com","residentialAddress_fullAddress":"1 Glasgow Road, Edinburgh, Midlothian, EH12 8HW"},{"personal_firstName":"Jennifer","personal_lastName":"Owen","personal_email":"jennifer.owen@hotmail.com","residentialAddress_fullAddress":"400 Coltness Rd, Wishaw, Lanarkshire, ML2 7HP"},{"personal_firstName":"Susan","personal_lastName":"Murray","personal_email":"susan.murray@hotmail.com","residentialAddress_fullAddress":"16 Pinetree Avenue, Lenzie, Dunbartonshire, G66 4EQ"},{"personal_firstName":"Amber","personal_lastName":"Owen","personal_email":"amber.owen@example.com","residentialAddress_fullAddress":"98 Howatson Court, Livingston, Midlothian, EH54 7FH"},{"personal_firstName":"Thomas","personal_lastName":"Norman","personal_email":"thomas.norman@gmail.com","residentialAddress_fullAddress":"1 Glasgow Road, Edinburgh, Midlothian, EH12 8HW"},{"personal_firstName":"Joseph","personal_lastName":"Anderson","personal_email":"joseph.anderson@hotmail.com","residentialAddress_fullAddress":"Castle Wynd, Stirling, Perthshire, FK8 1EJ"},{"personal_firstName":"Anthony","personal_lastName":"Jenkins","personal_email":"anthony.jenkins@example.com","residentialAddress_fullAddress":"1 Glasgow Road, Edinburgh, Midlothian, EH12 8HW"},{"personal_firstName":"Michelle","personal_lastName":"Barry","personal_email":"michelle.barry@outlook.com","residentialAddress_fullAddress":"20 High Mill Court, Dundee, Angus, DD2 1UN"},{"personal_firstName":"Dorothy","personal_lastName":"Anderson","personal_email":"dorothy.anderson@hotmail.com","residentialAddress_fullAddress":"Castle Wynd, Stirling, Perthshire, FK8 1EJ"},{"personal_firstName":"Donna","personal_lastName":"Brown","personal_email":"donna.brown@live.com","residentialAddress_fullAddress":"1 Glasgow Road, Edinburgh, Midlothian, EH12 8HW"},{"personal_firstName":"Bernard","personal_lastName":"James","personal_email":"bernard.james@hotmail.com","residentialAddress_fullAddress":"98 Howatson Court, Livingston, Midlothian, EH54 7FH"},{"personal_firstName":"Richard","personal_lastName":"Lescott","personal_email":"richard.lescott@hotmail.com","residentialAddress_fullAddress":"10 Princes Street, Dundee, Angus, DD4 6BY"},{"personal_firstName":"Linda","personal_lastName":"James","personal_email":"linda.james@example.com","residentialAddress_fullAddress":"400 Coltness Rd, Wishaw, Lanarkshire, ML2 7HP"},{"personal_firstName":"Lisa","personal_lastName":"Montgomery","personal_email":"lisa.montgomery@live.com","residentialAddress_fullAddress":"Castle Wynd, Stirling, Perthshire, FK8 1EJ"},{"personal_firstName":"Lisa","personal_lastName":"McGregor","personal_email":"lisa.mcgregor@example.com","residentialAddress_fullAddress":"10 Princes Street, Dundee, Angus, DD4 6BY"},{"personal_firstName":"Oscar","personal_lastName":"Montgomery","personal_email":"oscar.montgomery@gmail.com","residentialAddress_fullAddress":"12 Northfield Farm Road, Edinburgh, Midlothian, EH8 7QR"},{"personal_firstName":"Jessica","personal_lastName":"Murray","personal_email":"jessica.murray@hotmail.co.uk","residentialAddress_fullAddress":"10 Princes Street, Dundee, Angus, DD4 6BY"},{"personal_firstName":"Dorothy","personal_lastName":"McGregor","personal_email":"dorothy.mcgregor@hotmail.com","residentialAddress_fullAddress":"Castle Wynd, Stirling, Perthshire, FK8 1EJ"},{"personal_firstName":"Dorothy","personal_lastName":"Hayes","personal_email":"dorothy.hayes@live.co.uk","residentialAddress_fullAddress":"12 Northfield Farm Road, Edinburgh, Midlothian, EH8 7QR"},{"personal_firstName":"Oscar","personal_lastName":"Lescott","personal_email":"oscar.lescott@gmail.com","residentialAddress_fullAddress":"16 Pinetree Avenue, Lenzie, Dunbartonshire, G66 4EQ"},{"personal_firstName":"Oscar","personal_lastName":"Murray","personal_email":"oscar.murray@outlook.com","residentialAddress_fullAddress":"12 Northfield Farm Road, Edinburgh, Midlothian, EH8 7QR"},{"personal_firstName":"Elizabeth","personal_lastName":"Hayes","personal_email":"elizabeth.hayes@hotmail.co.uk","residentialAddress_fullAddress":"3 Callender Gardens, Dundee, Angus, DD4 6BY"},{"personal_firstName":"Thomas","personal_lastName":"James","personal_email":"thomas.james@googlemail.com","residentialAddress_fullAddress":"12 Northfield Farm Road, Edinburgh, Midlothian, EH8 7QR"},{"personal_firstName":"Peter","personal_lastName":"Barry","personal_email":"peter.barry@googlemail.com","residentialAddress_fullAddress":"20 High Mill Court, Dundee, Angus, DD2 1UN"},{"personal_firstName":"Richard","personal_lastName":"McGregor","personal_email":"richard.mcgregor@live.co.uk","residentialAddress_fullAddress":"10 Princes Street, Dundee, Angus, DD4 6BY"},{"personal_firstName":"Susan","personal_lastName":"Scott","personal_email":"susan.scott@example.com","residentialAddress_fullAddress":"61 Pinetree Avenue, Lenzie, Dunbartonshire, G66 4EQ"},{"personal_firstName":"William","personal_lastName":"Hayes","personal_email":"william.hayes@live.co.uk","residentialAddress_fullAddress":"10 Princes Street, Dundee, Angus, DD4 6BY"},{"personal_firstName":"Donald","personal_lastName":"Martin","personal_email":"donald.martin@live.co.uk","residentialAddress_fullAddress":"3 Callender Gardens, Dundee, Angus, DD4 6BY"},{"personal_firstName":"Joshua","personal_lastName":"Montgomery","personal_email":"joshua.montgomery@helloworld.com","residentialAddress_fullAddress":"12 Northfield Farm Road, Edinburgh, Midlothian, EH8 7QR"},{"personal_firstName":"Sarah","personal_lastName":"Lescott","personal_email":"sarah.lescott@live.co.uk","residentialAddress_fullAddress":"20 High Mill Court, Dundee, Angus, DD2 1UN"},{"personal_firstName":"Francis","personal_lastName":"Weir","personal_email":"francis.weir@outlook.com","residentialAddress_fullAddress":"10 Princes Street, Dundee, Angus, DD4 6BY"},{"personal_firstName":"David","personal_lastName":"Scott","personal_email":"david.scott@helloworld.com","residentialAddress_fullAddress":"98 Howatson Court, Livingston, Midlothian, EH54 7FH"},{"personal_firstName":"Dorothy","personal_lastName":"Montgomery","personal_email":"dorothy.montgomery@live.com","residentialAddress_fullAddress":"10 Princes Street, Dundee, Angus, DD4 6BY"},{"personal_firstName":"Joanna","personal_lastName":"Weir","personal_email":"joanna.weir@hotmail.co.uk","residentialAddress_fullAddress":"16 Pinetree Avenue, Lenzie, Dunbartonshire, G66 4EQ"},{"personal_firstName":"Michelle","personal_lastName":"Montgomery","personal_email":"michelle.montgomery@helloworld.com","residentialAddress_fullAddress":"400 Coltness Rd, Wishaw, Lanarkshire, ML2 7HP"},{"personal_firstName":"Betty","personal_lastName":"Montgomery","personal_email":"betty.montgomery@example.com","residentialAddress_fullAddress":"111 Queen St, Glasgow, Glasgow, G1 3AH"},{"personal_firstName":"William","personal_lastName":"McGregor","personal_email":"william.mcgregor@outlook.com","residentialAddress_fullAddress":"16 Pinetree Avenue, Lenzie, Dunbartonshire, G66 4EQ"},{"personal_firstName":"Carol","personal_lastName":"Montgomery","personal_email":"carol.montgomery@example.com","residentialAddress_fullAddress":"61 Pinetree Avenue, Lenzie, Dunbartonshire, G66 4EQ"},{"personal_firstName":"Christopher","personal_lastName":"Jenkins","personal_email":"christopher.jenkins@hotmail.com","residentialAddress_fullAddress":"400 Coltness Rd, Wishaw, Lanarkshire, ML2 7HP"},{"personal_firstName":"Kenneth","personal_lastName":"Anderson","personal_email":"kenneth.anderson@gmail.com","residentialAddress_fullAddress":"3 Callender Gardens, Dundee, Angus, DD4 6BY"},{"personal_firstName":"James","personal_lastName":"Norman","personal_email":"james.norman@gmail.com","residentialAddress_fullAddress":"16 Pinetree Avenue, Lenzie, Dunbartonshire, G66 4EQ"},{"personal_firstName":"David","personal_lastName":"James","personal_email":"david.james@example.com","residentialAddress_fullAddress":"3 Callender Gardens, Dundee, Angus, DD4 6BY"},{"personal_firstName":"Steven","personal_lastName":"Anderson","personal_email":"steven.anderson@googlemail.com","residentialAddress_fullAddress":"10 Princes Street, Dundee, Angus, DD4 6BY"},{"personal_firstName":"Christopher","personal_lastName":"Owen","personal_email":"christopher.owen@live.com","residentialAddress_fullAddress":"16 Pinetree Avenue, Lenzie, Dunbartonshire, G66 4EQ"},{"personal_firstName":"Robert","personal_lastName":"Martin","personal_email":"robert.martin@outlook.com","residentialAddress_fullAddress":"111 Queen St, Glasgow, Glasgow, G1 3AH"},{"personal_firstName":"Joseph","personal_lastName":"Smith","personal_email":"joseph.smith@googlemail.com","residentialAddress_fullAddress":"20 High Mill Court, Dundee, Angus, DD2 1UN"},{"personal_firstName":"Donna","personal_lastName":"Smith","personal_email":"donna.smith@live.com","residentialAddress_fullAddress":"98 Howatson Court, Livingston, Midlothian, EH54 7FH"},{"personal_firstName":"Joshua","personal_lastName":"James","personal_email":"joshua.james@hotmail.co.uk","residentialAddress_fullAddress":"16 Pinetree Avenue, Lenzie, Dunbartonshire, G66 4EQ"},{"personal_firstName":"Joanna","personal_lastName":"Montgomery","personal_email":"joanna.montgomery@helloworld.com","residentialAddress_fullAddress":"400 Coltness Rd, Wishaw, Lanarkshire, ML2 7HP"},{"personal_firstName":"Linda","personal_lastName":"Hayes","personal_email":"linda.hayes@live.com","residentialAddress_fullAddress":"12 Northfield Farm Road, Edinburgh, Midlothian, EH8 7QR"},{"personal_firstName":"Donna","personal_lastName":"Smith","personal_email":"donna.smith@live.co.uk","residentialAddress_fullAddress":"12 Northfield Farm Road, Edinburgh, Midlothian, EH8 7QR"}]