[{"personal_nino":"AE735868C","personal_title":"LORD","personal_firstName":"Kenneth","personal_secondName":"Michelle","personal_lastName":"Norman","personal_fullName":"Kenneth Norman","personal_startDate":"14/02/1994","personal_dobFormatted":"29/11/1985","personal_name1DrivingLicence":"NORMA811295K99SG","personal_email":"kenneth.norman@hotmail.co.uk","personal_mobileNumber":"07789160993","personal_gender":"F","personal_nationality":"American","residentialAddress_firstLine":"1 Glasgow Road","residentialAddress_city":"Edinburgh","residentialAddress_county":"Midlothian","residentialAddress_postCode":"EH12 8HW","residentialAddress_moveInDate":"19/08/2022","financial_accountName":"Credit Union","financial_accountNumber":"96643041","financial_iban":"Lt24VhPS86955918143070","financial_sortCode":"940539","financial_swift":"YsmLeW59htL","financial_rollNumber":"vdC-w378483/Z","financial_accountTypes":"BA45000"}]