[{"personal_nino":"GN759821C","personal_title":"CAPT","personal_firstName":"Linda","personal_secondName":"Susan","personal_lastName":"Murray","personal_fullName":"Linda Murray","personal_startDate":"14/07/1968","personal_dobFormatted":"02/02/1968","personal_name1DrivingLicence":"MURRA602028L99TN","personal_email":"linda.murray@hotmail.co.uk","personal_mobileNumber":"07669319695","personal_gender":"F","personal_nationality":"French","residentialAddress_firstLine":"12 Northfield Farm Road","residentialAddress_city":"Edinburgh","residentialAddress_county":"Midlothian","residentialAddress_postCode":"EH8 7QR","residentialAddress_moveInDate":"28/04/2012","financial_accountName":"IMOVO","financial_accountNumber":"33724275","financial_iban":"dh04pkkz69916017812702","financial_sortCode":"721611","financial_swift":"rNRoam38QGi","financial_rollNumber":"Toy-o398595/N","financial_accountTypes":"BA45004"}]