[{"personal_firstName":"Sarah","personal_lastName":"Owen","personal_email":"sarah.owen@gmail.com","residentialAddress_fullAddress":"1 Glasgow Road, Edinburgh, Midlothian, EH12 8HW"},{"personal_firstName":"Kenneth","personal_lastName":"James","personal_email":"kenneth.james@live.com","residentialAddress_fullAddress":"Castle Wynd, Stirling, Perthshire, FK8 1EJ"},{"personal_firstName":"Paul","personal_lastName":"Hayes","personal_email":"paul.hayes@example.com","residentialAddress_fullAddress":"10 Princes Street, Dundee, Angus, DD4 6BY"},{"personal_firstName":"Thomas","personal_lastName":"Brown","personal_email":"thomas.brown@helloworld.com","residentialAddress_fullAddress":"98 Howatson Court, Livingston, Midlothian, EH54 7FH"},{"personal_firstName":"Barbara","personal_lastName":"Anderson","personal_email":"barbara.anderson@googlemail.com","residentialAddress_fullAddress":"16 Pinetree Avenue, Lenzie, Dunbartonshire, G66 4EQ"},{"personal_firstName":"Daniel","personal_lastName":"Smith","personal_email":"daniel.smith@googlemail.com","residentialAddress_fullAddress":"1 Glasgow Road, Edinburgh, Midlothian, EH12 8HW"},{"personal_firstName":"Karen","personal_lastName":"Baxter","personal_email":"karen.baxter@gmail.com","residentialAddress_fullAddress":"3 Callender Gardens, Dundee, Angus, DD4 6BY"},{"personal_firstName":"Jessica","personal_lastName":"Brown","personal_email":"jessica.brown@gmail.com","residentialAddress_fullAddress":"3 Callender Gardens, Dundee, Angus, DD4 6BY"},{"personal_firstName":"Karen","personal_lastName":"Hayes","personal_email":"karen.hayes@outlook.com","residentialAddress_fullAddress":"3 Callender Gardens, Dundee, Angus, DD4 6BY"},{"personal_firstName":"Joanna","personal_lastName":"Smith","personal_email":"joanna.smith@googlemail.com","residentialAddress_fullAddress":"400 Coltness Rd, Wishaw, Lanarkshire, ML2 7HP"},{"personal_firstName":"Thomas","personal_lastName":"Anderson","personal_email":"thomas.anderson@hotmail.co.uk","residentialAddress_fullAddress":"98 Howatson Court, Livingston, Midlothian, EH54 7FH"},{"personal_firstName":"Paul","personal_lastName":"McGregor","personal_email":"paul.mcgregor@hotmail.co.uk","residentialAddress_fullAddress":"98 Howatson Court, Livingston, Midlothian, EH54 7FH"},{"personal_firstName":"Thomas","personal_lastName":"Smith","personal_email":"thomas.smith@live.co.uk","residentialAddress_fullAddress":"3 Callender Gardens, Dundee, Angus, DD4 6BY"},{"personal_firstName":"Karen","personal_lastName":"Baxter","personal_email":"karen.baxter@googlemail.com","residentialAddress_fullAddress":"16 Pinetree Avenue, Lenzie, Dunbartonshire, G66 4EQ"},{"personal_firstName":"Charles","personal_lastName":"Hayes","personal_email":"charles.hayes@hotmail.com","residentialAddress_fullAddress":"20 High Mill Court, Dundee, Angus, DD2 1UN"},{"personal_firstName":"Oscar","personal_lastName":"Owen","personal_email":"oscar.owen@outlook.com","residentialAddress_fullAddress":"98 Howatson Court, Livingston, Midlothian, EH54 7FH"},{"personal_firstName":"Kenneth","personal_lastName":"Owen","personal_email":"kenneth.owen@hotmail.com","residentialAddress_fullAddress":"Castle Wynd, Stirling, Perthshire, FK8 1EJ"},{"personal_firstName":"John","personal_lastName":"Lescott","personal_email":"john.lescott@aol.com","residentialAddress_fullAddress":"61 Pinetree Avenue, Lenzie, Dunbartonshire, G66 4EQ"},{"personal_firstName":"Karen","personal_lastName":"Murray","personal_email":"karen.murray@example.com","residentialAddress_fullAddress":"1 Glasgow Road, Edinburgh, Midlothian, EH12 8HW"},{"personal_firstName":"Michael","personal_lastName":"Montgomery","personal_email":"michael.montgomery@hotmail.com","residentialAddress_fullAddress":"1 Glasgow Road, Edinburgh, Midlothian, EH12 8HW"},{"personal_firstName":"Bernard","personal_lastName":"Lescott","personal_email":"bernard.lescott@example.com","residentialAddress_fullAddress":"400 Coltness Rd, Wishaw, Lanarkshire, ML2 7HP"},{"personal_firstName":"Nancy","personal_lastName":"Scott","personal_email":"nancy.scott@hotmail.co.uk","residentialAddress_fullAddress":"98 Howatson Court, Livingston, Midlothian, EH54 7FH"},{"personal_firstName":"Elizabeth","personal_lastName":"Owen","personal_email":"elizabeth.owen@hotmail.co.uk","residentialAddress_fullAddress":"61 Pinetree Avenue, Lenzie, Dunbartonshire, G66 4EQ"},{"personal_firstName":"Ashley","personal_lastName":"Norman","personal_email":"ashley.norman@live.com","residentialAddress_fullAddress":"10 Princes Street, Dundee, Angus, DD4 6BY"},{"personal_firstName":"Steven","personal_lastName":"Jenkins","personal_email":"steven.jenkins@helloworld.com","residentialAddress_fullAddress":"10 Princes Street, Dundee, Angus, DD4 6BY"},{"personal_firstName":"Peter","personal_lastName":"Norman","personal_email":"peter.norman@aol.com","residentialAddress_fullAddress":"16 Pinetree Avenue, Lenzie, Dunbartonshire, G66 4EQ"},{"personal_firstName":"Robert","personal_lastName":"Scott","personal_email":"robert.scott@example.com","residentialAddress_fullAddress":"98 Howatson Court, Livingston, Midlothian, EH54 7FH"},{"personal_firstName":"Elizabeth","personal_lastName":"Hayes","personal_email":"elizabeth.hayes@live.co.uk","residentialAddress_fullAddress":"61 Pinetree Avenue, Lenzie, Dunbartonshire, G66 4EQ"},{"personal_firstName":"Lisa","personal_lastName":"Baxter","personal_email":"lisa.baxter@live.co.uk","residentialAddress_fullAddress":"12 Northfield Farm Road, Edinburgh, Midlothian, EH8 7QR"},{"personal_firstName":"Matthew","personal_lastName":"Jenkins","personal_email":"matthew.jenkins@live.com","residentialAddress_fullAddress":"20 High Mill Court, Dundee, Angus, DD2 1UN"},{"personal_firstName":"David","personal_lastName":"Norman","personal_email":"david.norman@live.com","residentialAddress_fullAddress":"400 Coltness Rd, Wishaw, Lanarkshire, ML2 7HP"},{"personal_firstName":"Daniel","personal_lastName":"Scott","personal_email":"daniel.scott@live.com","residentialAddress_fullAddress":"12 Northfield Farm Road, Edinburgh, Midlothian, EH8 7QR"},{"personal_firstName":"Emily","personal_lastName":"Scott","personal_email":"emily.scott@aol.com","residentialAddress_fullAddress":"1 Glasgow Road, Edinburgh, Midlothian, EH12 8HW"},{"personal_firstName":"Christopher","personal_lastName":"Hayes","personal_email":"christopher.hayes@googlemail.com","residentialAddress_fullAddress":"61 Pinetree Avenue, Lenzie, Dunbartonshire, G66 4EQ"},{"personal_firstName":"Anthony","personal_lastName":"James","personal_email":"anthony.james@helloworld.com","residentialAddress_fullAddress":"1 Glasgow Road, Edinburgh, Midlothian, EH12 8HW"},{"personal_firstName":"Susan","personal_lastName":"Smith","personal_email":"susan.smith@hotmail.co.uk","residentialAddress_fullAddress":"12 Northfield Farm Road, Edinburgh, Midlothian, EH8 7QR"},{"personal_firstName":"Thomas","personal_lastName":"Norman","personal_email":"thomas.norman@live.com","residentialAddress_fullAddress":"3 Callender Gardens, Dundee, Angus, DD4 6BY"},{"personal_firstName":"Matthew","personal_lastName":"Smith","personal_email":"matthew.smith@live.com","residentialAddress_fullAddress":"12 Northfield Farm Road, Edinburgh, Midlothian, EH8 7QR"},{"personal_firstName":"Donna","personal_lastName":"Baxter","personal_email":"donna.baxter@example.com","residentialAddress_fullAddress":"10 Princes Street, Dundee, Angus, DD4 6BY"},{"personal_firstName":"Michelle","personal_lastName":"Anderson","personal_email":"michelle.anderson@live.co.uk","residentialAddress_fullAddress":"20 High Mill Court, Dundee, Angus, DD2 1UN"},{"personal_firstName":"Jessica","personal_lastName":"Murray","personal_email":"jessica.murray@hotmail.co.uk","residentialAddress_fullAddress":"16 Pinetree Avenue, Lenzie, Dunbartonshire, G66 4EQ"},{"personal_firstName":"Michelle","personal_lastName":"Barry","personal_email":"michelle.barry@outlook.com","residentialAddress_fullAddress":"98 Howatson Court, Livingston, Midlothian, EH54 7FH"},{"personal_firstName":"Andrew","personal_lastName":"Barry","personal_email":"andrew.barry@hotmail.com","residentialAddress_fullAddress":"20 High Mill Court, Dundee, Angus, DD2 1UN"},{"personal_firstName":"Margaret","personal_lastName":"Scott","personal_email":"margaret.scott@live.com","residentialAddress_fullAddress":"98 Howatson Court, Livingston, Midlothian, EH54 7FH"},{"personal_firstName":"Kenneth","personal_lastName":"Anderson","personal_email":"kenneth.anderson@helloworld.com","residentialAddress_fullAddress":"Castle Wynd, Stirling, Perthshire, FK8 1EJ"},{"personal_firstName":"Steven","personal_lastName":"Smith","personal_email":"steven.smith@hotmail.com","residentialAddress_fullAddress":"16 Pinetree Avenue, Lenzie, Dunbartonshire, G66 4EQ"},{"personal_firstName":"Jennifer","personal_lastName":"Hayes","personal_email":"jennifer.hayes@aol.com","residentialAddress_fullAddress":"98 Howatson Court, Livingston, Midlothian, EH54 7FH"},{"personal_firstName":"Barbara","personal_lastName":"Smith","personal_email":"barbara.smith@helloworld.com","residentialAddress_fullAddress":"12 Northfield Farm Road, Edinburgh, Midlothian, EH8 7QR"},{"personal_firstName":"Oscar","personal_lastName":"Smith","personal_email":"oscar.smith@gmail.com","residentialAddress_fullAddress":"61 Pinetree Avenue, Lenzie, Dunbartonshire, G66 4EQ"},{"personal_firstName":"Richard","personal_lastName":"Murray","personal_email":"richard.murray@outlook.com","residentialAddress_fullAddress":"Castle Wynd, Stirling, Perthshire, FK8 1EJ"},{"personal_firstName":"Bernard","personal_lastName":"Baxter","personal_email":"bernard.baxter@gmail.com","residentialAddress_fullAddress":"12 Northfield Farm Road, Edinburgh, Midlothian, EH8 7QR"},{"personal_firstName":"Andrew","personal_lastName":"McGregor","personal_email":"andrew.mcgregor@hotmail.com","residentialAddress_fullAddress":"10 Princes Street, Dundee, Angus, DD4 6BY"},{"personal_firstName":"Donna","personal_lastName":"Smith","personal_email":"donna.smith@googlemail.com","residentialAddress_fullAddress":"20 High Mill Court, Dundee, Angus, DD2 1UN"},{"personal_firstName":"Lisa","personal_lastName":"Anderson","personal_email":"lisa.anderson@example.com","residentialAddress_fullAddress":"3 Callender Gardens, Dundee, Angus, DD4 6BY"},{"personal_firstName":"Andrew","personal_lastName":"Baxter","personal_email":"andrew.baxter@live.co.uk","residentialAddress_fullAddress":"20 High Mill Court, Dundee, Angus, DD2 1UN"},{"personal_firstName":"Joshua","personal_lastName":"Anderson","personal_email":"joshua.anderson@live.co.uk","residentialAddress_fullAddress":"400 Coltness Rd, Wishaw, Lanarkshire, ML2 7HP"},{"personal_firstName":"Robert","personal_lastName":"Lescott","personal_email":"robert.lescott@example.com","residentialAddress_fullAddress":"12 Northfield Farm Road, Edinburgh, Midlothian, EH8 7QR"},{"personal_firstName":"Susan","personal_lastName":"Hayes","personal_email":"susan.hayes@googlemail.com","residentialAddress_fullAddress":"20 High Mill Court, Dundee, Angus, DD2 1UN"},{"personal_firstName":"Thomas","personal_lastName":"Norman","personal_email":"thomas.norman@live.com","residentialAddress_fullAddress":"20 High Mill Court, Dundee, Angus, DD2 1UN"},{"personal_firstName":"Patricia","personal_lastName":"Montgomery","personal_email":"patricia.montgomery@example.com","residentialAddress_fullAddress":"98 Howatson Court, Livingston, Midlothian, EH54 7FH"},{"personal_firstName":"Joseph","personal_lastName":"Baxter","personal_email":"joseph.baxter@gmail.com","residentialAddress_fullAddress":"Castle Wynd, Stirling, Perthshire, FK8 1EJ"},{"personal_firstName":"Emily","personal_lastName":"Weir","personal_email":"emily.weir@helloworld.com","residentialAddress_fullAddress":"111 Queen St, Glasgow, Glasgow, G1 3AH"},{"personal_firstName":"Oscar","personal_lastName":"McGregor","personal_email":"oscar.mcgregor@googlemail.com","residentialAddress_fullAddress":"61 Pinetree Avenue, Lenzie, Dunbartonshire, G66 4EQ"},{"personal_firstName":"Daniel","personal_lastName":"Hayes","personal_email":"daniel.hayes@aol.com","residentialAddress_fullAddress":"10 Princes Street, Dundee, Angus, DD4 6BY"},{"personal_firstName":"Dorothy","personal_lastName":"Montgomery","personal_email":"dorothy.montgomery@example.com","residentialAddress_fullAddress":"12 Northfield Farm Road, Edinburgh, Midlothian, EH8 7QR"},{"personal_firstName":"Paul","personal_lastName":"Montgomery","personal_email":"paul.montgomery@helloworld.com","residentialAddress_fullAddress":"3 Callender Gardens, Dundee, Angus, DD4 6BY"},{"personal_firstName":"Carol","personal_lastName":"Hayes","personal_email":"carol.hayes@live.com","residentialAddress_fullAddress":"16 Pinetree Avenue, Lenzie, Dunbartonshire, G66 4EQ"},{"personal_firstName":"Joseph","personal_lastName":"McGregor","personal_email":"joseph.mcgregor@googlemail.com","residentialAddress_fullAddress":"10 Princes Street, Dundee, Angus, DD4 6BY"},{"personal_firstName":"Ashley","personal_lastName":"Weir","personal_email":"ashley.weir@hotmail.com","residentialAddress_fullAddress":"61 Pinetree Avenue, Lenzie, Dunbartonshire, G66 4EQ"},{"personal_firstName":"Bernard","personal_lastName":"Lescott","personal_email":"bernard.lescott@hotmail.com","residentialAddress_fullAddress":"400 Coltness Rd, Wishaw, Lanarkshire, ML2 7HP"},{"personal_firstName":"Mary","personal_lastName":"Jenkins","personal_email":"mary.jenkins@helloworld.com","residentialAddress_fullAddress":"111 Queen St, Glasgow, Glasgow, G1 3AH"},{"personal_firstName":"Jessica","personal_lastName":"Montgomery","personal_email":"jessica.montgomery@hotmail.com","residentialAddress_fullAddress":"1 Glasgow Road, Edinburgh, Midlothian, EH12 8HW"},{"personal_firstName":"Lisa","personal_lastName":"Owen","personal_email":"lisa.owen@outlook.com","residentialAddress_fullAddress":"10 Princes Street, Dundee, Angus, DD4 6BY"},{"personal_firstName":"Donald","personal_lastName":"Murray","personal_email":"donald.murray@hotmail.com","residentialAddress_fullAddress":"111 Queen St, Glasgow, Glasgow, G1 3AH"},{"personal_firstName":"Patricia","personal_lastName":"Brown","personal_email":"patricia.brown@hotmail.co.uk","residentialAddress_fullAddress":"61 Pinetree Avenue, Lenzie, Dunbartonshire, G66 4EQ"},{"personal_firstName":"Linda","personal_lastName":"Brown","personal_email":"linda.brown@live.com","residentialAddress_fullAddress":"61 Pinetree Avenue, Lenzie, Dunbartonshire, G66 4EQ"},{"personal_firstName":"Nancy","personal_lastName":"Anderson","personal_email":"nancy.anderson@example.com","residentialAddress_fullAddress":"3 Callender Gardens, Dundee, Angus, DD4 6BY"},{"personal_firstName":"Kenneth","personal_lastName":"Norman","personal_email":"kenneth.norman@hotmail.co.uk","residentialAddress_fullAddress":"400 Coltness Rd, Wishaw, Lanarkshire, ML2 7HP"},{"personal_firstName":"Barbara","personal_lastName":"Brown","personal_email":"barbara.brown@hotmail.com","residentialAddress_fullAddress":"111 Queen St, Glasgow, Glasgow, G1 3AH"},{"personal_firstName":"Martin","personal_lastName":"Hayes","personal_email":"martin.hayes@gmail.com","residentialAddress_fullAddress":"10 Princes Street, Dundee, Angus, DD4 6BY"},{"personal_firstName":"Joseph","personal_lastName":"Baxter","personal_email":"joseph.baxter@live.co.uk","residentialAddress_fullAddress":"1 Glasgow Road, Edinburgh, Midlothian, EH12 8HW"},{"personal_firstName":"Kimberly","personal_lastName":"Martin","personal_email":"kimberly.martin@example.com","residentialAddress_fullAddress":"16 Pinetree Avenue, Lenzie, Dunbartonshire, G66 4EQ"},{"personal_firstName":"Jessica","personal_lastName":"Smith","personal_email":"jessica.smith@hotmail.co.uk","residentialAddress_fullAddress":"111 Queen St, Glasgow, Glasgow, G1 3AH"},{"personal_firstName":"Stephen","personal_lastName":"Hayes","personal_email":"stephen.hayes@example.com","residentialAddress_fullAddress":"16 Pinetree Avenue, Lenzie, Dunbartonshire, G66 4EQ"},{"personal_firstName":"Nancy","personal_lastName":"Montgomery","personal_email":"nancy.montgomery@live.co.uk","residentialAddress_fullAddress":"20 High Mill Court, Dundee, Angus, DD2 1UN"},{"personal_firstName":"Barbara","personal_lastName":"Hayes","personal_email":"barbara.hayes@hotmail.co.uk","residentialAddress_fullAddress":"16 Pinetree Avenue, Lenzie, Dunbartonshire, G66 4EQ"},{"personal_firstName":"Barbara","personal_lastName":"Jenkins","personal_email":"barbara.jenkins@live.co.uk","residentialAddress_fullAddress":"61 Pinetree Avenue, Lenzie, Dunbartonshire, G66 4EQ"},{"personal_firstName":"Jessica","personal_lastName":"Martin","personal_email":"jessica.martin@aol.com","residentialAddress_fullAddress":"3 Callender Gardens, Dundee, Angus, DD4 6BY"},{"personal_firstName":"Susan","personal_lastName":"Hayes","personal_email":"susan.hayes@gmail.com","residentialAddress_fullAddress":"1 Glasgow Road, Edinburgh, Midlothian, EH12 8HW"},{"personal_firstName":"Richard","personal_lastName":"Hayes","personal_email":"richard.hayes@hotmail.com","residentialAddress_fullAddress":"61 Pinetree Avenue, Lenzie, Dunbartonshire, G66 4EQ"},{"personal_firstName":"Carol","personal_lastName":"Smith","personal_email":"carol.smith@gmail.com","residentialAddress_fullAddress":"Castle Wynd, Stirling, Perthshire, FK8 1EJ"},{"personal_firstName":"William","personal_lastName":"Owen","personal_email":"william.owen@example.com","residentialAddress_fullAddress":"12 Northfield Farm Road, Edinburgh, Midlothian, EH8 7QR"},{"personal_firstName":"Charles","personal_lastName":"McGregor","personal_email":"charles.mcgregor@hotmail.com","residentialAddress_fullAddress":"98 Howatson Court, Livingston, Midlothian, EH54 7FH"},{"personal_firstName":"Dorothy","personal_lastName":"Owen","personal_email":"dorothy.owen@gmail.com","residentialAddress_fullAddress":"12 Northfield Farm Road, Edinburgh, Midlothian, EH8 7QR"},{"personal_firstName":"Stephen","personal_lastName":"Brown","personal_email":"stephen.brown@live.co.uk","residentialAddress_fullAddress":"1 Glasgow Road, Edinburgh, Midlothian, EH12 8HW"},{"personal_firstName":"William","personal_lastName":"Hayes","personal_email":"william.hayes@example.com","residentialAddress_fullAddress":"1 Glasgow Road, Edinburgh, Midlothian, EH12 8HW"},{"personal_firstName":"Nancy","personal_lastName":"Anderson","personal_email":"nancy.anderson@aol.com","residentialAddress_fullAddress":"Castle Wynd, Stirling, Perthshire, FK8 1EJ"},{"personal_firstName":"Sarah","personal_lastName":"Smith","personal_email":"sarah.smith@aol.com","residentialAddress_fullAddress":"3 Callender Gardens, Dundee, Angus, DD4 6BY"},{"personal_firstName":"Michael","personal_lastName":"Barry","personal_email":"michael.barry@hotmail.com","residentialAddress_fullAddress":"12 Northfield Farm Road, Edinburgh, Midlothian, EH8 7QR"},{"personal_firstName":"Kimberly","personal_lastName":"Anderson","personal_email":"kimberly.anderson@live.co.uk","residentialAddress_fullAddress":"1 Glasgow Road, Edinburgh, Midlothian, EH12 8HW"}]