[{"personal_firstName":"Susan","personal_lastName":"Smith","personal_email":"susan.smith@hotmail.co.uk","residentialAddress_fullAddress":"10 Princes Street, Dundee, Angus, DD4 6BY"},{"personal_firstName":"Amber","personal_lastName":"Martin","personal_email":"amber.martin@outlook.com","residentialAddress_fullAddress":"1 Glasgow Road, Edinburgh, Midlothian, EH12 8HW"},{"personal_firstName":"Emily","personal_lastName":"Lescott","personal_email":"emily.lescott@example.com","residentialAddress_fullAddress":"111 Queen St, Glasgow, Glasgow, G1 3AH"},{"personal_firstName":"Oscar","personal_lastName":"Hayes","personal_email":"oscar.hayes@hotmail.co.uk","residentialAddress_fullAddress":"3 Callender Gardens, Dundee, Angus, DD4 6BY"},{"personal_firstName":"Ashley","personal_lastName":"Lescott","personal_email":"ashley.lescott@googlemail.com","residentialAddress_fullAddress":"61 Pinetree Avenue, Lenzie, Dunbartonshire, G66 4EQ"},{"personal_firstName":"Joshua","personal_lastName":"McGregor","personal_email":"joshua.mcgregor@outlook.com","residentialAddress_fullAddress":"12 Northfield Farm Road, Edinburgh, Midlothian, EH8 7QR"},{"personal_firstName":"Bobby","personal_lastName":"Martin","personal_email":"bobby.martin@live.co.uk","residentialAddress_fullAddress":"61 Pinetree Avenue, Lenzie, Dunbartonshire, G66 4EQ"},{"personal_firstName":"Jennifer","personal_lastName":"James","personal_email":"jennifer.james@live.com","residentialAddress_fullAddress":"10 Princes Street, Dundee, Angus, DD4 6BY"},{"personal_firstName":"Joshua","personal_lastName":"Norman","personal_email":"joshua.norman@helloworld.com","residentialAddress_fullAddress":"16 Pinetree Avenue, Lenzie, Dunbartonshire, G66 4EQ"},{"personal_firstName":"Nancy","personal_lastName":"Hayes","personal_email":"nancy.hayes@outlook.com","residentialAddress_fullAddress":"Castle Wynd, Stirling, Perthshire, FK8 1EJ"},{"personal_firstName":"Kenneth","personal_lastName":"Hayes","personal_email":"kenneth.hayes@example.com","residentialAddress_fullAddress":"61 Pinetree Avenue, Lenzie, Dunbartonshire, G66 4EQ"},{"personal_firstName":"Margaret","personal_lastName":"Scott","personal_email":"margaret.scott@helloworld.com","residentialAddress_fullAddress":"61 Pinetree Avenue, Lenzie, Dunbartonshire, G66 4EQ"},{"personal_firstName":"Peter","personal_lastName":"Martin","personal_email":"peter.martin@outlook.com","residentialAddress_fullAddress":"20 High Mill Court, Dundee, Angus, DD2 1UN"},{"personal_firstName":"Lisa","personal_lastName":"Brown","personal_email":"lisa.brown@live.co.uk","residentialAddress_fullAddress":"1 Glasgow Road, Edinburgh, Midlothian, EH12 8HW"},{"personal_firstName":"Paul","personal_lastName":"Baxter","personal_email":"paul.baxter@example.com","residentialAddress_fullAddress":"111 Queen St, Glasgow, Glasgow, G1 3AH"},{"personal_firstName":"Steven","personal_lastName":"Baxter","personal_email":"steven.baxter@gmail.com","residentialAddress_fullAddress":"1 Glasgow Road, Edinburgh, Midlothian, EH12 8HW"},{"personal_firstName":"Linda","personal_lastName":"Hayes","personal_email":"linda.hayes@live.co.uk","residentialAddress_fullAddress":"98 Howatson Court, Livingston, Midlothian, EH54 7FH"},{"personal_firstName":"John","personal_lastName":"Murray","personal_email":"john.murray@example.com","residentialAddress_fullAddress":"400 Coltness Rd, Wishaw, Lanarkshire, ML2 7HP"},{"personal_firstName":"Bernard","personal_lastName":"Barry","personal_email":"bernard.barry@gmail.com","residentialAddress_fullAddress":"Castle Wynd, Stirling, Perthshire, FK8 1EJ"},{"personal_firstName":"Joseph","personal_lastName":"Scott","personal_email":"joseph.scott@googlemail.com","residentialAddress_fullAddress":"98 Howatson Court, Livingston, Midlothian, EH54 7FH"},{"personal_firstName":"Kimberly","personal_lastName":"Brown","personal_email":"kimberly.brown@gmail.com","residentialAddress_fullAddress":"3 Callender Gardens, Dundee, Angus, DD4 6BY"},{"personal_firstName":"Nancy","personal_lastName":"Anderson","personal_email":"nancy.anderson@aol.com","residentialAddress_fullAddress":"3 Callender Gardens, Dundee, Angus, DD4 6BY"},{"personal_firstName":"Margaret","personal_lastName":"Montgomery","personal_email":"margaret.montgomery@example.com","residentialAddress_fullAddress":"10 Princes Street, Dundee, Angus, DD4 6BY"},{"personal_firstName":"Martin","personal_lastName":"Hayes","personal_email":"martin.hayes@aol.com","residentialAddress_fullAddress":"98 Howatson Court, Livingston, Midlothian, EH54 7FH"},{"personal_firstName":"Oscar","personal_lastName":"Hayes","personal_email":"oscar.hayes@googlemail.com","residentialAddress_fullAddress":"61 Pinetree Avenue, Lenzie, Dunbartonshire, G66 4EQ"},{"personal_firstName":"Sandra","personal_lastName":"James","personal_email":"sandra.james@live.com","residentialAddress_fullAddress":"10 Princes Street, Dundee, Angus, DD4 6BY"},{"personal_firstName":"Bernard","personal_lastName":"Owen","personal_email":"bernard.owen@live.com","residentialAddress_fullAddress":"61 Pinetree Avenue, Lenzie, Dunbartonshire, G66 4EQ"},{"personal_firstName":"Bobby","personal_lastName":"James","personal_email":"bobby.james@hotmail.co.uk","residentialAddress_fullAddress":"400 Coltness Rd, Wishaw, Lanarkshire, ML2 7HP"},{"personal_firstName":"Mary","personal_lastName":"Barry","personal_email":"mary.barry@live.com","residentialAddress_fullAddress":"400 Coltness Rd, Wishaw, Lanarkshire, ML2 7HP"},{"personal_firstName":"Joanna","personal_lastName":"Murray","personal_email":"joanna.murray@helloworld.com","residentialAddress_fullAddress":"98 Howatson Court, Livingston, Midlothian, EH54 7FH"},{"personal_firstName":"Joseph","personal_lastName":"Lescott","personal_email":"joseph.lescott@live.com","residentialAddress_fullAddress":"20 High Mill Court, Dundee, Angus, DD2 1UN"},{"personal_firstName":"Linda","personal_lastName":"Barry","personal_email":"linda.barry@aol.com","residentialAddress_fullAddress":"10 Princes Street, Dundee, Angus, DD4 6BY"},{"personal_firstName":"Nancy","personal_lastName":"James","personal_email":"nancy.james@live.co.uk","residentialAddress_fullAddress":"3 Callender Gardens, Dundee, Angus, DD4 6BY"},{"personal_firstName":"Sandra","personal_lastName":"Lescott","personal_email":"sandra.lescott@hotmail.com","residentialAddress_fullAddress":"20 High Mill Court, Dundee, Angus, DD2 1UN"},{"personal_firstName":"Joshua","personal_lastName":"Owen","personal_email":"joshua.owen@example.com","residentialAddress_fullAddress":"1 Glasgow Road, Edinburgh, Midlothian, EH12 8HW"},{"personal_firstName":"Mary","personal_lastName":"Montgomery","personal_email":"mary.montgomery@hotmail.co.uk","residentialAddress_fullAddress":"400 Coltness Rd, Wishaw, Lanarkshire, ML2 7HP"},{"personal_firstName":"Carol","personal_lastName":"Barry","personal_email":"carol.barry@outlook.com","residentialAddress_fullAddress":"61 Pinetree Avenue, Lenzie, Dunbartonshire, G66 4EQ"},{"personal_firstName":"Thomas","personal_lastName":"Owen","personal_email":"thomas.owen@live.co.uk","residentialAddress_fullAddress":"Castle Wynd, Stirling, Perthshire, FK8 1EJ"},{"personal_firstName":"Betty","personal_lastName":"Montgomery","personal_email":"betty.montgomery@outlook.com","residentialAddress_fullAddress":"16 Pinetree Avenue, Lenzie, Dunbartonshire, G66 4EQ"},{"personal_firstName":"Joseph","personal_lastName":"Baxter","personal_email":"joseph.baxter@hotmail.co.uk","residentialAddress_fullAddress":"10 Princes Street, Dundee, Angus, DD4 6BY"},{"personal_firstName":"Daniel","personal_lastName":"Montgomery","personal_email":"daniel.montgomery@hotmail.co.uk","residentialAddress_fullAddress":"111 Queen St, Glasgow, Glasgow, G1 3AH"},{"personal_firstName":"Michelle","personal_lastName":"Owen","personal_email":"michelle.owen@helloworld.com","residentialAddress_fullAddress":"98 Howatson Court, Livingston, Midlothian, EH54 7FH"},{"personal_firstName":"Michelle","personal_lastName":"Montgomery","personal_email":"michelle.montgomery@hotmail.co.uk","residentialAddress_fullAddress":"61 Pinetree Avenue, Lenzie, Dunbartonshire, G66 4EQ"},{"personal_firstName":"Martin","personal_lastName":"Martin","personal_email":"martin.martin@outlook.com","residentialAddress_fullAddress":"10 Princes Street, Dundee, Angus, DD4 6BY"},{"personal_firstName":"Bernard","personal_lastName":"Baxter","personal_email":"bernard.baxter@aol.com","residentialAddress_fullAddress":"61 Pinetree Avenue, Lenzie, Dunbartonshire, G66 4EQ"},{"personal_firstName":"Paul","personal_lastName":"Murray","personal_email":"paul.murray@helloworld.com","residentialAddress_fullAddress":"400 Coltness Rd, Wishaw, Lanarkshire, ML2 7HP"},{"personal_firstName":"Michael","personal_lastName":"Barry","personal_email":"michael.barry@helloworld.com","residentialAddress_fullAddress":"12 Northfield Farm Road, Edinburgh, Midlothian, EH8 7QR"},{"personal_firstName":"Daniel","personal_lastName":"Scott","personal_email":"daniel.scott@googlemail.com","residentialAddress_fullAddress":"20 High Mill Court, Dundee, Angus, DD2 1UN"},{"personal_firstName":"Robert","personal_lastName":"Norman","personal_email":"robert.norman@outlook.com","residentialAddress_fullAddress":"16 Pinetree Avenue, Lenzie, Dunbartonshire, G66 4EQ"},{"personal_firstName":"Susan","personal_lastName":"Martin","personal_email":"susan.martin@googlemail.com","residentialAddress_fullAddress":"400 Coltness Rd, Wishaw, Lanarkshire, ML2 7HP"},{"personal_firstName":"Joshua","personal_lastName":"Martin","personal_email":"joshua.martin@live.com","residentialAddress_fullAddress":"61 Pinetree Avenue, Lenzie, Dunbartonshire, G66 4EQ"},{"personal_firstName":"Margaret","personal_lastName":"James","personal_email":"margaret.james@hotmail.co.uk","residentialAddress_fullAddress":"Castle Wynd, Stirling, Perthshire, FK8 1EJ"},{"personal_firstName":"Sarah","personal_lastName":"Anderson","personal_email":"sarah.anderson@helloworld.com","residentialAddress_fullAddress":"16 Pinetree Avenue, Lenzie, Dunbartonshire, G66 4EQ"},{"personal_firstName":"Paul","personal_lastName":"Barry","personal_email":"paul.barry@outlook.com","residentialAddress_fullAddress":"1 Glasgow Road, Edinburgh, Midlothian, EH12 8HW"},{"personal_firstName":"Donald","personal_lastName":"Weir","personal_email":"donald.weir@gmail.com","residentialAddress_fullAddress":"61 Pinetree Avenue, Lenzie, Dunbartonshire, G66 4EQ"},{"personal_firstName":"Jennifer","personal_lastName":"Montgomery","personal_email":"jennifer.montgomery@aol.com","residentialAddress_fullAddress":"16 Pinetree Avenue, Lenzie, Dunbartonshire, G66 4EQ"},{"personal_firstName":"Joshua","personal_lastName":"Martin","personal_email":"joshua.martin@aol.com","residentialAddress_fullAddress":"12 Northfield Farm Road, Edinburgh, Midlothian, EH8 7QR"},{"personal_firstName":"Barbara","personal_lastName":"McGregor","personal_email":"barbara.mcgregor@googlemail.com","residentialAddress_fullAddress":"16 Pinetree Avenue, Lenzie, Dunbartonshire, G66 4EQ"},{"personal_firstName":"Peter","personal_lastName":"Lescott","personal_email":"peter.lescott@outlook.com","residentialAddress_fullAddress":"98 Howatson Court, Livingston, Midlothian, EH54 7FH"},{"personal_firstName":"Linda","personal_lastName":"Lescott","personal_email":"linda.lescott@helloworld.com","residentialAddress_fullAddress":"98 Howatson Court, Livingston, Midlothian, EH54 7FH"},{"personal_firstName":"Donna","personal_lastName":"Jenkins","personal_email":"donna.jenkins@live.co.uk","residentialAddress_fullAddress":"61 Pinetree Avenue, Lenzie, Dunbartonshire, G66 4EQ"},{"personal_firstName":"Patricia","personal_lastName":"Barry","personal_email":"patricia.barry@hotmail.com","residentialAddress_fullAddress":"3 Callender Gardens, Dundee, Angus, DD4 6BY"},{"personal_firstName":"Richard","personal_lastName":"Baxter","personal_email":"richard.baxter@live.com","residentialAddress_fullAddress":"20 High Mill Court, Dundee, Angus, DD2 1UN"},{"personal_firstName":"Carol","personal_lastName":"Hayes","personal_email":"carol.hayes@outlook.com","residentialAddress_fullAddress":"98 Howatson Court, Livingston, Midlothian, EH54 7FH"},{"personal_firstName":"Matthew","personal_lastName":"Weir","personal_email":"matthew.weir@outlook.com","residentialAddress_fullAddress":"Castle Wynd, Stirling, Perthshire, FK8 1EJ"},{"personal_firstName":"Steven","personal_lastName":"Barry","personal_email":"steven.barry@helloworld.com","residentialAddress_fullAddress":"98 Howatson Court, Livingston, Midlothian, EH54 7FH"},{"personal_firstName":"Mary","personal_lastName":"Jenkins","personal_email":"mary.jenkins@helloworld.com","residentialAddress_fullAddress":"400 Coltness Rd, Wishaw, Lanarkshire, ML2 7HP"},{"personal_firstName":"Lisa","personal_lastName":"McGregor","personal_email":"lisa.mcgregor@example.com","residentialAddress_fullAddress":"Castle Wynd, Stirling, Perthshire, FK8 1EJ"},{"personal_firstName":"Joanna","personal_lastName":"Barry","personal_email":"joanna.barry@hotmail.com","residentialAddress_fullAddress":"98 Howatson Court, Livingston, Midlothian, EH54 7FH"},{"personal_firstName":"Christopher","personal_lastName":"Baxter","personal_email":"christopher.baxter@helloworld.com","residentialAddress_fullAddress":"98 Howatson Court, Livingston, Midlothian, EH54 7FH"},{"personal_firstName":"Christopher","personal_lastName":"Baxter","personal_email":"christopher.baxter@live.co.uk","residentialAddress_fullAddress":"98 Howatson Court, Livingston, Midlothian, EH54 7FH"},{"personal_firstName":"Kenneth","personal_lastName":"Baxter","personal_email":"kenneth.baxter@aol.com","residentialAddress_fullAddress":"61 Pinetree Avenue, Lenzie, Dunbartonshire, G66 4EQ"},{"personal_firstName":"Bernard","personal_lastName":"Martin","personal_email":"bernard.martin@live.co.uk","residentialAddress_fullAddress":"1 Glasgow Road, Edinburgh, Midlothian, EH12 8HW"},{"personal_firstName":"Joshua","personal_lastName":"Brown","personal_email":"joshua.brown@hotmail.com","residentialAddress_fullAddress":"12 Northfield Farm Road, Edinburgh, Midlothian, EH8 7QR"},{"personal_firstName":"Joshua","personal_lastName":"Martin","personal_email":"joshua.martin@live.com","residentialAddress_fullAddress":"98 Howatson Court, Livingston, Midlothian, EH54 7FH"},{"personal_firstName":"Barbara","personal_lastName":"James","personal_email":"barbara.james@helloworld.com","residentialAddress_fullAddress":"12 Northfield Farm Road, Edinburgh, Midlothian, EH8 7QR"},{"personal_firstName":"Patricia","personal_lastName":"Norman","personal_email":"patricia.norman@gmail.com","residentialAddress_fullAddress":"61 Pinetree Avenue, Lenzie, Dunbartonshire, G66 4EQ"},{"personal_firstName":"Linda","personal_lastName":"Owen","personal_email":"linda.owen@outlook.com","residentialAddress_fullAddress":"3 Callender Gardens, Dundee, Angus, DD4 6BY"},{"personal_firstName":"John","personal_lastName":"Norman","personal_email":"john.norman@example.com","residentialAddress_fullAddress":"61 Pinetree Avenue, Lenzie, Dunbartonshire, G66 4EQ"},{"personal_firstName":"Margaret","personal_lastName":"Weir","personal_email":"margaret.weir@hotmail.com","residentialAddress_fullAddress":"12 Northfield Farm Road, Edinburgh, Midlothian, EH8 7QR"},{"personal_firstName":"Amber","personal_lastName":"James","personal_email":"amber.james@gmail.com","residentialAddress_fullAddress":"98 Howatson Court, Livingston, Midlothian, EH54 7FH"},{"personal_firstName":"Michelle","personal_lastName":"Weir","personal_email":"michelle.weir@live.com","residentialAddress_fullAddress":"10 Princes Street, Dundee, Angus, DD4 6BY"},{"personal_firstName":"Amber","personal_lastName":"Hayes","personal_email":"amber.hayes@outlook.com","residentialAddress_fullAddress":"Castle Wynd, Stirling, Perthshire, FK8 1EJ"},{"personal_firstName":"Kenneth","personal_lastName":"Smith","personal_email":"kenneth.smith@live.com","residentialAddress_fullAddress":"20 High Mill Court, Dundee, Angus, DD2 1UN"},{"personal_firstName":"Stephen","personal_lastName":"Lescott","personal_email":"stephen.lescott@hotmail.com","residentialAddress_fullAddress":"61 Pinetree Avenue, Lenzie, Dunbartonshire, G66 4EQ"},{"personal_firstName":"Joanna","personal_lastName":"Montgomery","personal_email":"joanna.montgomery@googlemail.com","residentialAddress_fullAddress":"20 High Mill Court, Dundee, Angus, DD2 1UN"},{"personal_firstName":"Peter","personal_lastName":"Brown","personal_email":"peter.brown@hotmail.co.uk","residentialAddress_fullAddress":"111 Queen St, Glasgow, Glasgow, G1 3AH"},{"personal_firstName":"Margaret","personal_lastName":"Montgomery","personal_email":"margaret.montgomery@gmail.com","residentialAddress_fullAddress":"98 Howatson Court, Livingston, Midlothian, EH54 7FH"},{"personal_firstName":"Joanna","personal_lastName":"Hayes","personal_email":"joanna.hayes@live.co.uk","residentialAddress_fullAddress":"98 Howatson Court, Livingston, Midlothian, EH54 7FH"},{"personal_firstName":"Ashley","personal_lastName":"Norman","personal_email":"ashley.norman@example.com","residentialAddress_fullAddress":"3 Callender Gardens, Dundee, Angus, DD4 6BY"},{"personal_firstName":"Donald","personal_lastName":"Jenkins","personal_email":"donald.jenkins@aol.com","residentialAddress_fullAddress":"Castle Wynd, Stirling, Perthshire, FK8 1EJ"},{"personal_firstName":"Jessica","personal_lastName":"Jenkins","personal_email":"jessica.jenkins@example.com","residentialAddress_fullAddress":"98 Howatson Court, Livingston, Midlothian, EH54 7FH"},{"personal_firstName":"Margaret","personal_lastName":"Barry","personal_email":"margaret.barry@gmail.com","residentialAddress_fullAddress":"12 Northfield Farm Road, Edinburgh, Midlothian, EH8 7QR"},{"personal_firstName":"James","personal_lastName":"Norman","personal_email":"james.norman@live.com","residentialAddress_fullAddress":"Castle Wynd, Stirling, Perthshire, FK8 1EJ"},{"personal_firstName":"Joshua","personal_lastName":"Jenkins","personal_email":"joshua.jenkins@example.com","residentialAddress_fullAddress":"98 Howatson Court, Livingston, Midlothian, EH54 7FH"},{"personal_firstName":"Martin","personal_lastName":"Scott","personal_email":"martin.scott@outlook.com","residentialAddress_fullAddress":"Castle Wynd, Stirling, Perthshire, FK8 1EJ"},{"personal_firstName":"Patricia","personal_lastName":"Jenkins","personal_email":"patricia.jenkins@live.com","residentialAddress_fullAddress":"Castle Wynd, Stirling, Perthshire, FK8 1EJ"},{"personal_firstName":"Bobby","personal_lastName":"Weir","personal_email":"bobby.weir@hotmail.co.uk","residentialAddress_fullAddress":"20 High Mill Court, Dundee, Angus, DD2 1UN"},{"personal_firstName":"Thomas","personal_lastName":"James","personal_email":"thomas.james@aol.com","residentialAddress_fullAddress":"20 High Mill Court, Dundee, Angus, DD2 1UN"},{"personal_firstName":"Sarah","personal_lastName":"Scott","personal_email":"sarah.scott@example.com","residentialAddress_fullAddress":"400 Coltness Rd, Wishaw, Lanarkshire, ML2 7HP"}]