[{"personal_firstName":"Nancy","personal_lastName":"Hayes","personal_email":"nancy.hayes@helloworld.com","residentialAddress_fullAddress":"Castle Wynd, Stirling, Perthshire, FK8 1EJ"},{"personal_firstName":"Francis","personal_lastName":"Barry","personal_email":"francis.barry@hotmail.com","residentialAddress_fullAddress":"12 Northfield Farm Road, Edinburgh, Midlothian, EH8 7QR"},{"personal_firstName":"Francis","personal_lastName":"Martin","personal_email":"francis.martin@hotmail.com","residentialAddress_fullAddress":"400 Coltness Rd, Wishaw, Lanarkshire, ML2 7HP"},{"personal_firstName":"Anthony","personal_lastName":"Martin","personal_email":"anthony.martin@hotmail.com","residentialAddress_fullAddress":"400 Coltness Rd, Wishaw, Lanarkshire, ML2 7HP"},{"personal_firstName":"Martin","personal_lastName":"Lescott","personal_email":"martin.lescott@helloworld.com","residentialAddress_fullAddress":"3 Callender Gardens, Dundee, Angus, DD4 6BY"},{"personal_firstName":"William","personal_lastName":"Barry","personal_email":"william.barry@helloworld.com","residentialAddress_fullAddress":"400 Coltness Rd, Wishaw, Lanarkshire, ML2 7HP"},{"personal_firstName":"Martin","personal_lastName":"Hayes","personal_email":"martin.hayes@helloworld.com","residentialAddress_fullAddress":"12 Northfield Farm Road, Edinburgh, Midlothian, EH8 7QR"},{"personal_firstName":"Barbara","personal_lastName":"Martin","personal_email":"barbara.martin@googlemail.com","residentialAddress_fullAddress":"61 Pinetree Avenue, Lenzie, Dunbartonshire, G66 4EQ"},{"personal_firstName":"Francis","personal_lastName":"McGregor","personal_email":"francis.mcgregor@live.co.uk","residentialAddress_fullAddress":"98 Howatson Court, Livingston, Midlothian, EH54 7FH"},{"personal_firstName":"Nancy","personal_lastName":"McGregor","personal_email":"nancy.mcgregor@example.com","residentialAddress_fullAddress":"1 Glasgow Road, Edinburgh, Midlothian, EH12 8HW"},{"personal_firstName":"Bobby","personal_lastName":"James","personal_email":"bobby.james@helloworld.com","residentialAddress_fullAddress":"98 Howatson Court, Livingston, Midlothian, EH54 7FH"},{"personal_firstName":"Joshua","personal_lastName":"Anderson","personal_email":"joshua.anderson@live.co.uk","residentialAddress_fullAddress":"400 Coltness Rd, Wishaw, Lanarkshire, ML2 7HP"},{"personal_firstName":"Patricia","personal_lastName":"Martin","personal_email":"patricia.martin@aol.com","residentialAddress_fullAddress":"Castle Wynd, Stirling, Perthshire, FK8 1EJ"},{"personal_firstName":"Daniel","personal_lastName":"Anderson","personal_email":"daniel.anderson@googlemail.com","residentialAddress_fullAddress":"61 Pinetree Avenue, Lenzie, Dunbartonshire, G66 4EQ"},{"personal_firstName":"Bernard","personal_lastName":"Owen","personal_email":"bernard.owen@live.co.uk","residentialAddress_fullAddress":"3 Callender Gardens, Dundee, Angus, DD4 6BY"},{"personal_firstName":"Peter","personal_lastName":"Montgomery","personal_email":"peter.montgomery@googlemail.com","residentialAddress_fullAddress":"20 High Mill Court, Dundee, Angus, DD2 1UN"},{"personal_firstName":"Daniel","personal_lastName":"Barry","personal_email":"daniel.barry@example.com","residentialAddress_fullAddress":"16 Pinetree Avenue, Lenzie, Dunbartonshire, G66 4EQ"},{"personal_firstName":"Linda","personal_lastName":"Baxter","personal_email":"linda.baxter@googlemail.com","residentialAddress_fullAddress":"10 Princes Street, Dundee, Angus, DD4 6BY"},{"personal_firstName":"Christopher","personal_lastName":"Lescott","personal_email":"christopher.lescott@aol.com","residentialAddress_fullAddress":"98 Howatson Court, Livingston, Midlothian, EH54 7FH"},{"personal_firstName":"William","personal_lastName":"Lescott","personal_email":"william.lescott@hotmail.co.uk","residentialAddress_fullAddress":"12 Northfield Farm Road, Edinburgh, Midlothian, EH8 7QR"},{"personal_firstName":"John","personal_lastName":"Brown","personal_email":"john.brown@gmail.com","residentialAddress_fullAddress":"12 Northfield Farm Road, Edinburgh, Midlothian, EH8 7QR"},{"personal_firstName":"Dorothy","personal_lastName":"Norman","personal_email":"dorothy.norman@gmail.com","residentialAddress_fullAddress":"98 Howatson Court, Livingston, Midlothian, EH54 7FH"},{"personal_firstName":"Mark","personal_lastName":"Montgomery","personal_email":"mark.montgomery@hotmail.com","residentialAddress_fullAddress":"61 Pinetree Avenue, Lenzie, Dunbartonshire, G66 4EQ"},{"personal_firstName":"Joanna","personal_lastName":"Scott","personal_email":"joanna.scott@gmail.com","residentialAddress_fullAddress":"10 Princes Street, Dundee, Angus, DD4 6BY"},{"personal_firstName":"Kenneth","personal_lastName":"Murray","personal_email":"kenneth.murray@hotmail.com","residentialAddress_fullAddress":"10 Princes Street, Dundee, Angus, DD4 6BY"},{"personal_firstName":"Joseph","personal_lastName":"Murray","personal_email":"joseph.murray@live.com","residentialAddress_fullAddress":"10 Princes Street, Dundee, Angus, DD4 6BY"},{"personal_firstName":"Sandra","personal_lastName":"Owen","personal_email":"sandra.owen@aol.com","residentialAddress_fullAddress":"111 Queen St, Glasgow, Glasgow, G1 3AH"},{"personal_firstName":"Jessica","personal_lastName":"Anderson","personal_email":"jessica.anderson@gmail.com","residentialAddress_fullAddress":"20 High Mill Court, Dundee, Angus, DD2 1UN"},{"personal_firstName":"Paul","personal_lastName":"Smith","personal_email":"paul.smith@helloworld.com","residentialAddress_fullAddress":"400 Coltness Rd, Wishaw, Lanarkshire, ML2 7HP"},{"personal_firstName":"Steven","personal_lastName":"Weir","personal_email":"steven.weir@example.com","residentialAddress_fullAddress":"400 Coltness Rd, Wishaw, Lanarkshire, ML2 7HP"},{"personal_firstName":"Andrew","personal_lastName":"McGregor","personal_email":"andrew.mcgregor@gmail.com","residentialAddress_fullAddress":"Castle Wynd, Stirling, Perthshire, FK8 1EJ"},{"personal_firstName":"Sandra","personal_lastName":"Brown","personal_email":"sandra.brown@example.com","residentialAddress_fullAddress":"111 Queen St, Glasgow, Glasgow, G1 3AH"},{"personal_firstName":"Kimberly","personal_lastName":"Baxter","personal_email":"kimberly.baxter@live.com","residentialAddress_fullAddress":"3 Callender Gardens, Dundee, Angus, DD4 6BY"},{"personal_firstName":"Jennifer","personal_lastName":"Murray","personal_email":"jennifer.murray@helloworld.com","residentialAddress_fullAddress":"Castle Wynd, Stirling, Perthshire, FK8 1EJ"},{"personal_firstName":"Richard","personal_lastName":"Scott","personal_email":"richard.scott@live.co.uk","residentialAddress_fullAddress":"3 Callender Gardens, Dundee, Angus, DD4 6BY"},{"personal_firstName":"Bernard","personal_lastName":"Scott","personal_email":"bernard.scott@live.co.uk","residentialAddress_fullAddress":"3 Callender Gardens, Dundee, Angus, DD4 6BY"},{"personal_firstName":"Michael","personal_lastName":"Owen","personal_email":"michael.owen@outlook.com","residentialAddress_fullAddress":"61 Pinetree Avenue, Lenzie, Dunbartonshire, G66 4EQ"},{"personal_firstName":"Joanna","personal_lastName":"McGregor","personal_email":"joanna.mcgregor@live.co.uk","residentialAddress_fullAddress":"61 Pinetree Avenue, Lenzie, Dunbartonshire, G66 4EQ"},{"personal_firstName":"Karen","personal_lastName":"Montgomery","personal_email":"karen.montgomery@outlook.com","residentialAddress_fullAddress":"Castle Wynd, Stirling, Perthshire, FK8 1EJ"},{"personal_firstName":"William","personal_lastName":"Hayes","personal_email":"william.hayes@gmail.com","residentialAddress_fullAddress":"3 Callender Gardens, Dundee, Angus, DD4 6BY"},{"personal_firstName":"Elizabeth","personal_lastName":"Montgomery","personal_email":"elizabeth.montgomery@gmail.com","residentialAddress_fullAddress":"Castle Wynd, Stirling, Perthshire, FK8 1EJ"},{"personal_firstName":"Matthew","personal_lastName":"Brown","personal_email":"matthew.brown@aol.com","residentialAddress_fullAddress":"20 High Mill Court, Dundee, Angus, DD2 1UN"},{"personal_firstName":"Carol","personal_lastName":"Lescott","personal_email":"carol.lescott@live.co.uk","residentialAddress_fullAddress":"16 Pinetree Avenue, Lenzie, Dunbartonshire, G66 4EQ"},{"personal_firstName":"Peter","personal_lastName":"Norman","personal_email":"peter.norman@helloworld.com","residentialAddress_fullAddress":"400 Coltness Rd, Wishaw, Lanarkshire, ML2 7HP"},{"personal_firstName":"Patricia","personal_lastName":"Hayes","personal_email":"patricia.hayes@gmail.com","residentialAddress_fullAddress":"98 Howatson Court, Livingston, Midlothian, EH54 7FH"},{"personal_firstName":"Donna","personal_lastName":"Weir","personal_email":"donna.weir@live.com","residentialAddress_fullAddress":"12 Northfield Farm Road, Edinburgh, Midlothian, EH8 7QR"},{"personal_firstName":"Paul","personal_lastName":"Anderson","personal_email":"paul.anderson@live.co.uk","residentialAddress_fullAddress":"16 Pinetree Avenue, Lenzie, Dunbartonshire, G66 4EQ"},{"personal_firstName":"Peter","personal_lastName":"Jenkins","personal_email":"peter.jenkins@googlemail.com","residentialAddress_fullAddress":"1 Glasgow Road, Edinburgh, Midlothian, EH12 8HW"},{"personal_firstName":"Joshua","personal_lastName":"Lescott","personal_email":"joshua.lescott@gmail.com","residentialAddress_fullAddress":"20 High Mill Court, Dundee, Angus, DD2 1UN"},{"personal_firstName":"Sarah","personal_lastName":"Weir","personal_email":"sarah.weir@outlook.com","residentialAddress_fullAddress":"1 Glasgow Road, Edinburgh, Midlothian, EH12 8HW"},{"personal_firstName":"Susan","personal_lastName":"Anderson","personal_email":"susan.anderson@hotmail.com","residentialAddress_fullAddress":"111 Queen St, Glasgow, Glasgow, G1 3AH"},{"personal_firstName":"Bobby","personal_lastName":"Owen","personal_email":"bobby.owen@example.com","residentialAddress_fullAddress":"400 Coltness Rd, Wishaw, Lanarkshire, ML2 7HP"},{"personal_firstName":"Barbara","personal_lastName":"Montgomery","personal_email":"barbara.montgomery@hotmail.com","residentialAddress_fullAddress":"10 Princes Street, Dundee, Angus, DD4 6BY"},{"personal_firstName":"Emily","personal_lastName":"Baxter","personal_email":"emily.baxter@googlemail.com","residentialAddress_fullAddress":"3 Callender Gardens, Dundee, Angus, DD4 6BY"},{"personal_firstName":"Christopher","personal_lastName":"Hayes","personal_email":"christopher.hayes@hotmail.co.uk","residentialAddress_fullAddress":"61 Pinetree Avenue, Lenzie, Dunbartonshire, G66 4EQ"},{"personal_firstName":"Amber","personal_lastName":"Anderson","personal_email":"amber.anderson@googlemail.com","residentialAddress_fullAddress":"61 Pinetree Avenue, Lenzie, Dunbartonshire, G66 4EQ"},{"personal_firstName":"Kimberly","personal_lastName":"Smith","personal_email":"kimberly.smith@aol.com","residentialAddress_fullAddress":"20 High Mill Court, Dundee, Angus, DD2 1UN"},{"personal_firstName":"Bernard","personal_lastName":"Baxter","personal_email":"bernard.baxter@hotmail.com","residentialAddress_fullAddress":"16 Pinetree Avenue, Lenzie, Dunbartonshire, G66 4EQ"},{"personal_firstName":"Paul","personal_lastName":"Martin","personal_email":"paul.martin@aol.com","residentialAddress_fullAddress":"10 Princes Street, Dundee, Angus, DD4 6BY"},{"personal_firstName":"Susan","personal_lastName":"Hayes","personal_email":"susan.hayes@live.co.uk","residentialAddress_fullAddress":"400 Coltness Rd, Wishaw, Lanarkshire, ML2 7HP"},{"personal_firstName":"Sandra","personal_lastName":"James","personal_email":"sandra.james@live.com","residentialAddress_fullAddress":"3 Callender Gardens, Dundee, Angus, DD4 6BY"},{"personal_firstName":"James","personal_lastName":"Anderson","personal_email":"james.anderson@live.com","residentialAddress_fullAddress":"3 Callender Gardens, Dundee, Angus, DD4 6BY"},{"personal_firstName":"Donna","personal_lastName":"McGregor","personal_email":"donna.mcgregor@hotmail.co.uk","residentialAddress_fullAddress":"Castle Wynd, Stirling, Perthshire, FK8 1EJ"},{"personal_firstName":"Richard","personal_lastName":"Anderson","personal_email":"richard.anderson@hotmail.co.uk","residentialAddress_fullAddress":"61 Pinetree Avenue, Lenzie, Dunbartonshire, G66 4EQ"},{"personal_firstName":"Michelle","personal_lastName":"Baxter","personal_email":"michelle.baxter@hotmail.co.uk","residentialAddress_fullAddress":"98 Howatson Court, Livingston, Midlothian, EH54 7FH"},{"personal_firstName":"Carol","personal_lastName":"Jenkins","personal_email":"carol.jenkins@hotmail.com","residentialAddress_fullAddress":"3 Callender Gardens, Dundee, Angus, DD4 6BY"},{"personal_firstName":"Jessica","personal_lastName":"Baxter","personal_email":"jessica.baxter@live.co.uk","residentialAddress_fullAddress":"20 High Mill Court, Dundee, Angus, DD2 1UN"},{"personal_firstName":"Francis","personal_lastName":"McGregor","personal_email":"francis.mcgregor@example.com","residentialAddress_fullAddress":"Castle Wynd, Stirling, Perthshire, FK8 1EJ"},{"personal_firstName":"Matthew","personal_lastName":"Hayes","personal_email":"matthew.hayes@outlook.com","residentialAddress_fullAddress":"3 Callender Gardens, Dundee, Angus, DD4 6BY"},{"personal_firstName":"Christopher","personal_lastName":"Norman","personal_email":"christopher.norman@hotmail.com","residentialAddress_fullAddress":"98 Howatson Court, Livingston, Midlothian, EH54 7FH"},{"personal_firstName":"Richard","personal_lastName":"McGregor","personal_email":"richard.mcgregor@gmail.com","residentialAddress_fullAddress":"12 Northfield Farm Road, Edinburgh, Midlothian, EH8 7QR"},{"personal_firstName":"Margaret","personal_lastName":"Martin","personal_email":"margaret.martin@gmail.com","residentialAddress_fullAddress":"10 Princes Street, Dundee, Angus, DD4 6BY"},{"personal_firstName":"Jessica","personal_lastName":"Scott","personal_email":"jessica.scott@hotmail.com","residentialAddress_fullAddress":"20 High Mill Court, Dundee, Angus, DD2 1UN"},{"personal_firstName":"Amber","personal_lastName":"Murray","personal_email":"amber.murray@aol.com","residentialAddress_fullAddress":"1 Glasgow Road, Edinburgh, Midlothian, EH12 8HW"},{"personal_firstName":"Joanna","personal_lastName":"Barry","personal_email":"joanna.barry@live.com","residentialAddress_fullAddress":"61 Pinetree Avenue, Lenzie, Dunbartonshire, G66 4EQ"},{"personal_firstName":"Daniel","personal_lastName":"Montgomery","personal_email":"daniel.montgomery@live.com","residentialAddress_fullAddress":"Castle Wynd, Stirling, Perthshire, FK8 1EJ"},{"personal_firstName":"Kenneth","personal_lastName":"McGregor","personal_email":"kenneth.mcgregor@aol.com","residentialAddress_fullAddress":"20 High Mill Court, Dundee, Angus, DD2 1UN"},{"personal_firstName":"Michael","personal_lastName":"Brown","personal_email":"michael.brown@googlemail.com","residentialAddress_fullAddress":"3 Callender Gardens, Dundee, Angus, DD4 6BY"},{"personal_firstName":"Jessica","personal_lastName":"Scott","personal_email":"jessica.scott@hotmail.co.uk","residentialAddress_fullAddress":"400 Coltness Rd, Wishaw, Lanarkshire, ML2 7HP"},{"personal_firstName":"Lisa","personal_lastName":"Owen","personal_email":"lisa.owen@helloworld.com","residentialAddress_fullAddress":"61 Pinetree Avenue, Lenzie, Dunbartonshire, G66 4EQ"},{"personal_firstName":"Oscar","personal_lastName":"Smith","personal_email":"oscar.smith@live.co.uk","residentialAddress_fullAddress":"1 Glasgow Road, Edinburgh, Midlothian, EH12 8HW"},{"personal_firstName":"Elizabeth","personal_lastName":"Baxter","personal_email":"elizabeth.baxter@gmail.com","residentialAddress_fullAddress":"98 Howatson Court, Livingston, Midlothian, EH54 7FH"},{"personal_firstName":"Steven","personal_lastName":"Hayes","personal_email":"steven.hayes@googlemail.com","residentialAddress_fullAddress":"10 Princes Street, Dundee, Angus, DD4 6BY"},{"personal_firstName":"Daniel","personal_lastName":"Weir","personal_email":"daniel.weir@aol.com","residentialAddress_fullAddress":"12 Northfield Farm Road, Edinburgh, Midlothian, EH8 7QR"},{"personal_firstName":"Anthony","personal_lastName":"Scott","personal_email":"anthony.scott@hotmail.com","residentialAddress_fullAddress":"61 Pinetree Avenue, Lenzie, Dunbartonshire, G66 4EQ"},{"personal_firstName":"Oscar","personal_lastName":"Lescott","personal_email":"oscar.lescott@hotmail.co.uk","residentialAddress_fullAddress":"111 Queen St, Glasgow, Glasgow, G1 3AH"},{"personal_firstName":"Linda","personal_lastName":"Anderson","personal_email":"linda.anderson@googlemail.com","residentialAddress_fullAddress":"111 Queen St, Glasgow, Glasgow, G1 3AH"},{"personal_firstName":"Linda","personal_lastName":"Anderson","personal_email":"linda.anderson@helloworld.com","residentialAddress_fullAddress":"3 Callender Gardens, Dundee, Angus, DD4 6BY"},{"personal_firstName":"Stephen","personal_lastName":"Norman","personal_email":"stephen.norman@hotmail.com","residentialAddress_fullAddress":"10 Princes Street, Dundee, Angus, DD4 6BY"},{"personal_firstName":"Barbara","personal_lastName":"Brown","personal_email":"barbara.brown@example.com","residentialAddress_fullAddress":"10 Princes Street, Dundee, Angus, DD4 6BY"},{"personal_firstName":"Jessica","personal_lastName":"Hayes","personal_email":"jessica.hayes@live.com","residentialAddress_fullAddress":"Castle Wynd, Stirling, Perthshire, FK8 1EJ"},{"personal_firstName":"John","personal_lastName":"Murray","personal_email":"john.murray@helloworld.com","residentialAddress_fullAddress":"16 Pinetree Avenue, Lenzie, Dunbartonshire, G66 4EQ"},{"personal_firstName":"Joshua","personal_lastName":"Murray","personal_email":"joshua.murray@outlook.com","residentialAddress_fullAddress":"400 Coltness Rd, Wishaw, Lanarkshire, ML2 7HP"},{"personal_firstName":"Jennifer","personal_lastName":"Martin","personal_email":"jennifer.martin@hotmail.co.uk","residentialAddress_fullAddress":"12 Northfield Farm Road, Edinburgh, Midlothian, EH8 7QR"},{"personal_firstName":"Kimberly","personal_lastName":"Lescott","personal_email":"kimberly.lescott@hotmail.co.uk","residentialAddress_fullAddress":"61 Pinetree Avenue, Lenzie, Dunbartonshire, G66 4EQ"},{"personal_firstName":"Kimberly","personal_lastName":"Norman","personal_email":"kimberly.norman@example.com","residentialAddress_fullAddress":"400 Coltness Rd, Wishaw, Lanarkshire, ML2 7HP"},{"personal_firstName":"Donna","personal_lastName":"Hayes","personal_email":"donna.hayes@helloworld.com","residentialAddress_fullAddress":"20 High Mill Court, Dundee, Angus, DD2 1UN"},{"personal_firstName":"Elizabeth","personal_lastName":"Smith","personal_email":"elizabeth.smith@hotmail.co.uk","residentialAddress_fullAddress":"400 Coltness Rd, Wishaw, Lanarkshire, ML2 7HP"},{"personal_firstName":"Jessica","personal_lastName":"Norman","personal_email":"jessica.norman@googlemail.com","residentialAddress_fullAddress":"16 Pinetree Avenue, Lenzie, Dunbartonshire, G66 4EQ"},{"personal_firstName":"Sarah","personal_lastName":"Smith","personal_email":"sarah.smith@hotmail.com","residentialAddress_fullAddress":"400 Coltness Rd, Wishaw, Lanarkshire, ML2 7HP"}]