[{"personal_firstName":"Sandra","personal_lastName":"Lescott","personal_email":"sandra.lescott@example.com","residentialAddress_fullAddress":"1 Glasgow Road, Edinburgh, Midlothian, EH12 8HW"},{"personal_firstName":"Joseph","personal_lastName":"Weir","personal_email":"joseph.weir@outlook.com","residentialAddress_fullAddress":"61 Pinetree Avenue, Lenzie, Dunbartonshire, G66 4EQ"},{"personal_firstName":"Richard","personal_lastName":"Hayes","personal_email":"richard.hayes@aol.com","residentialAddress_fullAddress":"1 Glasgow Road, Edinburgh, Midlothian, EH12 8HW"},{"personal_firstName":"Barbara","personal_lastName":"Martin","personal_email":"barbara.martin@hotmail.com","residentialAddress_fullAddress":"10 Princes Street, Dundee, Angus, DD4 6BY"},{"personal_firstName":"Barbara","personal_lastName":"Lescott","personal_email":"barbara.lescott@live.co.uk","residentialAddress_fullAddress":"1 Glasgow Road, Edinburgh, Midlothian, EH12 8HW"},{"personal_firstName":"Emily","personal_lastName":"Weir","personal_email":"emily.weir@aol.com","residentialAddress_fullAddress":"3 Callender Gardens, Dundee, Angus, DD4 6BY"},{"personal_firstName":"Donald","personal_lastName":"Jenkins","personal_email":"donald.jenkins@live.com","residentialAddress_fullAddress":"20 High Mill Court, Dundee, Angus, DD2 1UN"},{"personal_firstName":"Joanna","personal_lastName":"James","personal_email":"joanna.james@aol.com","residentialAddress_fullAddress":"3 Callender Gardens, Dundee, Angus, DD4 6BY"},{"personal_firstName":"Steven","personal_lastName":"McGregor","personal_email":"steven.mcgregor@hotmail.co.uk","residentialAddress_fullAddress":"1 Glasgow Road, Edinburgh, Midlothian, EH12 8HW"},{"personal_firstName":"Oscar","personal_lastName":"James","personal_email":"oscar.james@gmail.com","residentialAddress_fullAddress":"10 Princes Street, Dundee, Angus, DD4 6BY"},{"personal_firstName":"Lisa","personal_lastName":"Murray","personal_email":"lisa.murray@live.co.uk","residentialAddress_fullAddress":"1 Glasgow Road, Edinburgh, Midlothian, EH12 8HW"},{"personal_firstName":"Ashley","personal_lastName":"McGregor","personal_email":"ashley.mcgregor@example.com","residentialAddress_fullAddress":"Castle Wynd, Stirling, Perthshire, FK8 1EJ"},{"personal_firstName":"Bernard","personal_lastName":"McGregor","personal_email":"bernard.mcgregor@aol.com","residentialAddress_fullAddress":"Castle Wynd, Stirling, Perthshire, FK8 1EJ"},{"personal_firstName":"Jennifer","personal_lastName":"Montgomery","personal_email":"jennifer.montgomery@example.com","residentialAddress_fullAddress":"12 Northfield Farm Road, Edinburgh, Midlothian, EH8 7QR"},{"personal_firstName":"Linda","personal_lastName":"James","personal_email":"linda.james@example.com","residentialAddress_fullAddress":"1 Glasgow Road, Edinburgh, Midlothian, EH12 8HW"},{"personal_firstName":"Kimberly","personal_lastName":"Norman","personal_email":"kimberly.norman@live.com","residentialAddress_fullAddress":"Castle Wynd, Stirling, Perthshire, FK8 1EJ"},{"personal_firstName":"Kenneth","personal_lastName":"Brown","personal_email":"kenneth.brown@hotmail.co.uk","residentialAddress_fullAddress":"16 Pinetree Avenue, Lenzie, Dunbartonshire, G66 4EQ"},{"personal_firstName":"Donald","personal_lastName":"Murray","personal_email":"donald.murray@aol.com","residentialAddress_fullAddress":"400 Coltness Rd, Wishaw, Lanarkshire, ML2 7HP"},{"personal_firstName":"Christopher","personal_lastName":"Jenkins","personal_email":"christopher.jenkins@aol.com","residentialAddress_fullAddress":"98 Howatson Court, Livingston, Midlothian, EH54 7FH"},{"personal_firstName":"Barbara","personal_lastName":"Murray","personal_email":"barbara.murray@outlook.com","residentialAddress_fullAddress":"12 Northfield Farm Road, Edinburgh, Midlothian, EH8 7QR"},{"personal_firstName":"Betty","personal_lastName":"McGregor","personal_email":"betty.mcgregor@aol.com","residentialAddress_fullAddress":"400 Coltness Rd, Wishaw, Lanarkshire, ML2 7HP"},{"personal_firstName":"Dorothy","personal_lastName":"Norman","personal_email":"dorothy.norman@gmail.com","residentialAddress_fullAddress":"400 Coltness Rd, Wishaw, Lanarkshire, ML2 7HP"},{"personal_firstName":"Susan","personal_lastName":"McGregor","personal_email":"susan.mcgregor@gmail.com","residentialAddress_fullAddress":"12 Northfield Farm Road, Edinburgh, Midlothian, EH8 7QR"},{"personal_firstName":"Peter","personal_lastName":"Hayes","personal_email":"peter.hayes@example.com","residentialAddress_fullAddress":"1 Glasgow Road, Edinburgh, Midlothian, EH12 8HW"},{"personal_firstName":"David","personal_lastName":"Hayes","personal_email":"david.hayes@hotmail.co.uk","residentialAddress_fullAddress":"10 Princes Street, Dundee, Angus, DD4 6BY"},{"personal_firstName":"Kimberly","personal_lastName":"Owen","personal_email":"kimberly.owen@outlook.com","residentialAddress_fullAddress":"111 Queen St, Glasgow, Glasgow, G1 3AH"},{"personal_firstName":"Francis","personal_lastName":"James","personal_email":"francis.james@hotmail.com","residentialAddress_fullAddress":"400 Coltness Rd, Wishaw, Lanarkshire, ML2 7HP"},{"personal_firstName":"Andrew","personal_lastName":"Smith","personal_email":"andrew.smith@live.com","residentialAddress_fullAddress":"Castle Wynd, Stirling, Perthshire, FK8 1EJ"},{"personal_firstName":"Patricia","personal_lastName":"Norman","personal_email":"patricia.norman@live.co.uk","residentialAddress_fullAddress":"12 Northfield Farm Road, Edinburgh, Midlothian, EH8 7QR"},{"personal_firstName":"Emily","personal_lastName":"Jenkins","personal_email":"emily.jenkins@helloworld.com","residentialAddress_fullAddress":"98 Howatson Court, Livingston, Midlothian, EH54 7FH"},{"personal_firstName":"Lisa","personal_lastName":"Hayes","personal_email":"lisa.hayes@aol.com","residentialAddress_fullAddress":"10 Princes Street, Dundee, Angus, DD4 6BY"},{"personal_firstName":"James","personal_lastName":"Smith","personal_email":"james.smith@helloworld.com","residentialAddress_fullAddress":"16 Pinetree Avenue, Lenzie, Dunbartonshire, G66 4EQ"},{"personal_firstName":"Peter","personal_lastName":"Murray","personal_email":"peter.murray@helloworld.com","residentialAddress_fullAddress":"Castle Wynd, Stirling, Perthshire, FK8 1EJ"},{"personal_firstName":"Kenneth","personal_lastName":"Norman","personal_email":"kenneth.norman@live.co.uk","residentialAddress_fullAddress":"20 High Mill Court, Dundee, Angus, DD2 1UN"},{"personal_firstName":"Daniel","personal_lastName":"McGregor","personal_email":"daniel.mcgregor@hotmail.com","residentialAddress_fullAddress":"400 Coltness Rd, Wishaw, Lanarkshire, ML2 7HP"},{"personal_firstName":"Robert","personal_lastName":"Barry","personal_email":"robert.barry@example.com","residentialAddress_fullAddress":"3 Callender Gardens, Dundee, Angus, DD4 6BY"},{"personal_firstName":"Steven","personal_lastName":"Owen","personal_email":"steven.owen@helloworld.com","residentialAddress_fullAddress":"61 Pinetree Avenue, Lenzie, Dunbartonshire, G66 4EQ"},{"personal_firstName":"Michelle","personal_lastName":"Brown","personal_email":"michelle.brown@gmail.com","residentialAddress_fullAddress":"Castle Wynd, Stirling, Perthshire, FK8 1EJ"},{"personal_firstName":"Sarah","personal_lastName":"Montgomery","personal_email":"sarah.montgomery@googlemail.com","residentialAddress_fullAddress":"12 Northfield Farm Road, Edinburgh, Midlothian, EH8 7QR"},{"personal_firstName":"Jennifer","personal_lastName":"Owen","personal_email":"jennifer.owen@helloworld.com","residentialAddress_fullAddress":"20 High Mill Court, Dundee, Angus, DD2 1UN"},{"personal_firstName":"Charles","personal_lastName":"Weir","personal_email":"charles.weir@example.com","residentialAddress_fullAddress":"400 Coltness Rd, Wishaw, Lanarkshire, ML2 7HP"},{"personal_firstName":"Betty","personal_lastName":"Martin","personal_email":"betty.martin@live.com","residentialAddress_fullAddress":"12 Northfield Farm Road, Edinburgh, Midlothian, EH8 7QR"},{"personal_firstName":"Daniel","personal_lastName":"Norman","personal_email":"daniel.norman@live.co.uk","residentialAddress_fullAddress":"10 Princes Street, Dundee, Angus, DD4 6BY"},{"personal_firstName":"Thomas","personal_lastName":"Norman","personal_email":"thomas.norman@gmail.com","residentialAddress_fullAddress":"111 Queen St, Glasgow, Glasgow, G1 3AH"},{"personal_firstName":"Sarah","personal_lastName":"Baxter","personal_email":"sarah.baxter@outlook.com","residentialAddress_fullAddress":"Castle Wynd, Stirling, Perthshire, FK8 1EJ"},{"personal_firstName":"Emily","personal_lastName":"Norman","personal_email":"emily.norman@gmail.com","residentialAddress_fullAddress":"1 Glasgow Road, Edinburgh, Midlothian, EH12 8HW"},{"personal_firstName":"Karen","personal_lastName":"Murray","personal_email":"karen.murray@example.com","residentialAddress_fullAddress":"400 Coltness Rd, Wishaw, Lanarkshire, ML2 7HP"},{"personal_firstName":"Matthew","personal_lastName":"Norman","personal_email":"matthew.norman@aol.com","residentialAddress_fullAddress":"3 Callender Gardens, Dundee, Angus, DD4 6BY"},{"personal_firstName":"Donald","personal_lastName":"Jenkins","personal_email":"donald.jenkins@live.com","residentialAddress_fullAddress":"98 Howatson Court, Livingston, Midlothian, EH54 7FH"},{"personal_firstName":"Ashley","personal_lastName":"Hayes","personal_email":"ashley.hayes@hotmail.co.uk","residentialAddress_fullAddress":"16 Pinetree Avenue, Lenzie, Dunbartonshire, G66 4EQ"},{"personal_firstName":"Emily","personal_lastName":"Baxter","personal_email":"emily.baxter@live.com","residentialAddress_fullAddress":"3 Callender Gardens, Dundee, Angus, DD4 6BY"},{"personal_firstName":"Susan","personal_lastName":"Lescott","personal_email":"susan.lescott@live.co.uk","residentialAddress_fullAddress":"1 Glasgow Road, Edinburgh, Midlothian, EH12 8HW"},{"personal_firstName":"Christopher","personal_lastName":"Murray","personal_email":"christopher.murray@hotmail.com","residentialAddress_fullAddress":"98 Howatson Court, Livingston, Midlothian, EH54 7FH"},{"personal_firstName":"Joseph","personal_lastName":"Hayes","personal_email":"joseph.hayes@gmail.com","residentialAddress_fullAddress":"Castle Wynd, Stirling, Perthshire, FK8 1EJ"},{"personal_firstName":"Jessica","personal_lastName":"Owen","personal_email":"jessica.owen@hotmail.co.uk","residentialAddress_fullAddress":"98 Howatson Court, Livingston, Midlothian, EH54 7FH"},{"personal_firstName":"James","personal_lastName":"James","personal_email":"james.james@aol.com","residentialAddress_fullAddress":"3 Callender Gardens, Dundee, Angus, DD4 6BY"},{"personal_firstName":"Thomas","personal_lastName":"Barry","personal_email":"thomas.barry@hotmail.com","residentialAddress_fullAddress":"111 Queen St, Glasgow, Glasgow, G1 3AH"},{"personal_firstName":"Paul","personal_lastName":"Murray","personal_email":"paul.murray@example.com","residentialAddress_fullAddress":"16 Pinetree Avenue, Lenzie, Dunbartonshire, G66 4EQ"},{"personal_firstName":"Joseph","personal_lastName":"Jenkins","personal_email":"joseph.jenkins@aol.com","residentialAddress_fullAddress":"Castle Wynd, Stirling, Perthshire, FK8 1EJ"},{"personal_firstName":"Karen","personal_lastName":"Martin","personal_email":"karen.martin@googlemail.com","residentialAddress_fullAddress":"10 Princes Street, Dundee, Angus, DD4 6BY"},{"personal_firstName":"Emily","personal_lastName":"Hayes","personal_email":"emily.hayes@googlemail.com","residentialAddress_fullAddress":"3 Callender Gardens, Dundee, Angus, DD4 6BY"},{"personal_firstName":"Barbara","personal_lastName":"Hayes","personal_email":"barbara.hayes@aol.com","residentialAddress_fullAddress":"Castle Wynd, Stirling, Perthshire, FK8 1EJ"},{"personal_firstName":"Charles","personal_lastName":"Lescott","personal_email":"charles.lescott@hotmail.com","residentialAddress_fullAddress":"1 Glasgow Road, Edinburgh, Midlothian, EH12 8HW"},{"personal_firstName":"Susan","personal_lastName":"James","personal_email":"susan.james@hotmail.com","residentialAddress_fullAddress":"3 Callender Gardens, Dundee, Angus, DD4 6BY"},{"personal_firstName":"Kenneth","personal_lastName":"Norman","personal_email":"kenneth.norman@aol.com","residentialAddress_fullAddress":"61 Pinetree Avenue, Lenzie, Dunbartonshire, G66 4EQ"},{"personal_firstName":"Mary","personal_lastName":"James","personal_email":"mary.james@example.com","residentialAddress_fullAddress":"16 Pinetree Avenue, Lenzie, Dunbartonshire, G66 4EQ"},{"personal_firstName":"Mark","personal_lastName":"Scott","personal_email":"mark.scott@example.com","residentialAddress_fullAddress":"Castle Wynd, Stirling, Perthshire, FK8 1EJ"},{"personal_firstName":"Donald","personal_lastName":"Martin","personal_email":"donald.martin@live.co.uk","residentialAddress_fullAddress":"1 Glasgow Road, Edinburgh, Midlothian, EH12 8HW"},{"personal_firstName":"Margaret","personal_lastName":"Barry","personal_email":"margaret.barry@outlook.com","residentialAddress_fullAddress":"111 Queen St, Glasgow, Glasgow, G1 3AH"},{"personal_firstName":"Paul","personal_lastName":"Montgomery","personal_email":"paul.montgomery@live.com","residentialAddress_fullAddress":"20 High Mill Court, Dundee, Angus, DD2 1UN"},{"personal_firstName":"Robert","personal_lastName":"Anderson","personal_email":"robert.anderson@live.com","residentialAddress_fullAddress":"400 Coltness Rd, Wishaw, Lanarkshire, ML2 7HP"},{"personal_firstName":"Richard","personal_lastName":"Murray","personal_email":"richard.murray@gmail.com","residentialAddress_fullAddress":"61 Pinetree Avenue, Lenzie, Dunbartonshire, G66 4EQ"},{"personal_firstName":"Patricia","personal_lastName":"Weir","personal_email":"patricia.weir@outlook.com","residentialAddress_fullAddress":"12 Northfield Farm Road, Edinburgh, Midlothian, EH8 7QR"},{"personal_firstName":"Bernard","personal_lastName":"Hayes","personal_email":"bernard.hayes@helloworld.com","residentialAddress_fullAddress":"400 Coltness Rd, Wishaw, Lanarkshire, ML2 7HP"},{"personal_firstName":"Martin","personal_lastName":"Scott","personal_email":"martin.scott@hotmail.co.uk","residentialAddress_fullAddress":"12 Northfield Farm Road, Edinburgh, Midlothian, EH8 7QR"},{"personal_firstName":"Bernard","personal_lastName":"Jenkins","personal_email":"bernard.jenkins@outlook.com","residentialAddress_fullAddress":"400 Coltness Rd, Wishaw, Lanarkshire, ML2 7HP"},{"personal_firstName":"Margaret","personal_lastName":"Norman","personal_email":"margaret.norman@helloworld.com","residentialAddress_fullAddress":"16 Pinetree Avenue, Lenzie, Dunbartonshire, G66 4EQ"},{"personal_firstName":"Ashley","personal_lastName":"Norman","personal_email":"ashley.norman@outlook.com","residentialAddress_fullAddress":"16 Pinetree Avenue, Lenzie, Dunbartonshire, G66 4EQ"},{"personal_firstName":"Joseph","personal_lastName":"Smith","personal_email":"joseph.smith@hotmail.co.uk","residentialAddress_fullAddress":"Castle Wynd, Stirling, Perthshire, FK8 1EJ"},{"personal_firstName":"Sarah","personal_lastName":"Baxter","personal_email":"sarah.baxter@example.com","residentialAddress_fullAddress":"16 Pinetree Avenue, Lenzie, Dunbartonshire, G66 4EQ"},{"personal_firstName":"Nancy","personal_lastName":"Scott","personal_email":"nancy.scott@live.co.uk","residentialAddress_fullAddress":"Castle Wynd, Stirling, Perthshire, FK8 1EJ"},{"personal_firstName":"Mary","personal_lastName":"Smith","personal_email":"mary.smith@gmail.com","residentialAddress_fullAddress":"111 Queen St, Glasgow, Glasgow, G1 3AH"},{"personal_firstName":"Sarah","personal_lastName":"Murray","personal_email":"sarah.murray@live.co.uk","residentialAddress_fullAddress":"12 Northfield Farm Road, Edinburgh, Midlothian, EH8 7QR"},{"personal_firstName":"Barbara","personal_lastName":"Martin","personal_email":"barbara.martin@hotmail.com","residentialAddress_fullAddress":"98 Howatson Court, Livingston, Midlothian, EH54 7FH"},{"personal_firstName":"Nancy","personal_lastName":"Owen","personal_email":"nancy.owen@live.co.uk","residentialAddress_fullAddress":"10 Princes Street, Dundee, Angus, DD4 6BY"},{"personal_firstName":"Steven","personal_lastName":"Martin","personal_email":"steven.martin@hotmail.com","residentialAddress_fullAddress":"Castle Wynd, Stirling, Perthshire, FK8 1EJ"},{"personal_firstName":"Patricia","personal_lastName":"Weir","personal_email":"patricia.weir@hotmail.co.uk","residentialAddress_fullAddress":"400 Coltness Rd, Wishaw, Lanarkshire, ML2 7HP"},{"personal_firstName":"Joshua","personal_lastName":"Anderson","personal_email":"joshua.anderson@hotmail.co.uk","residentialAddress_fullAddress":"20 High Mill Court, Dundee, Angus, DD2 1UN"},{"personal_firstName":"Sandra","personal_lastName":"Barry","personal_email":"sandra.barry@example.com","residentialAddress_fullAddress":"1 Glasgow Road, Edinburgh, Midlothian, EH12 8HW"},{"personal_firstName":"Kenneth","personal_lastName":"Martin","personal_email":"kenneth.martin@example.com","residentialAddress_fullAddress":"400 Coltness Rd, Wishaw, Lanarkshire, ML2 7HP"},{"personal_firstName":"Robert","personal_lastName":"McGregor","personal_email":"robert.mcgregor@hotmail.co.uk","residentialAddress_fullAddress":"98 Howatson Court, Livingston, Midlothian, EH54 7FH"},{"personal_firstName":"Matthew","personal_lastName":"Scott","personal_email":"matthew.scott@googlemail.com","residentialAddress_fullAddress":"98 Howatson Court, Livingston, Midlothian, EH54 7FH"},{"personal_firstName":"Dorothy","personal_lastName":"Montgomery","personal_email":"dorothy.montgomery@aol.com","residentialAddress_fullAddress":"10 Princes Street, Dundee, Angus, DD4 6BY"},{"personal_firstName":"Peter","personal_lastName":"Smith","personal_email":"peter.smith@hotmail.co.uk","residentialAddress_fullAddress":"111 Queen St, Glasgow, Glasgow, G1 3AH"},{"personal_firstName":"Daniel","personal_lastName":"Norman","personal_email":"daniel.norman@hotmail.co.uk","residentialAddress_fullAddress":"Castle Wynd, Stirling, Perthshire, FK8 1EJ"},{"personal_firstName":"Mark","personal_lastName":"Baxter","personal_email":"mark.baxter@hotmail.co.uk","residentialAddress_fullAddress":"10 Princes Street, Dundee, Angus, DD4 6BY"},{"personal_firstName":"Thomas","personal_lastName":"Brown","personal_email":"thomas.brown@aol.com","residentialAddress_fullAddress":"98 Howatson Court, Livingston, Midlothian, EH54 7FH"},{"personal_firstName":"Elizabeth","personal_lastName":"Brown","personal_email":"elizabeth.brown@example.com","residentialAddress_fullAddress":"1 Glasgow Road, Edinburgh, Midlothian, EH12 8HW"},{"personal_firstName":"Barbara","personal_lastName":"Murray","personal_email":"barbara.murray@example.com","residentialAddress_fullAddress":"3 Callender Gardens, Dundee, Angus, DD4 6BY"},{"personal_firstName":"Linda","personal_lastName":"Brown","personal_email":"linda.brown@outlook.com","residentialAddress_fullAddress":"98 Howatson Court, Livingston, Midlothian, EH54 7FH"}]