[{"personal_firstName":"Francis","personal_lastName":"Smith","personal_email":"francis.smith@example.com","residentialAddress_fullAddress":"111 Queen St, Glasgow, Glasgow, G1 3AH"},{"personal_firstName":"Robert","personal_lastName":"Hayes","personal_email":"robert.hayes@googlemail.com","residentialAddress_fullAddress":"16 Pinetree Avenue, Lenzie, Dunbartonshire, G66 4EQ"},{"personal_firstName":"Donald","personal_lastName":"Smith","personal_email":"donald.smith@hotmail.com","residentialAddress_fullAddress":"111 Queen St, Glasgow, Glasgow, G1 3AH"},{"personal_firstName":"Bernard","personal_lastName":"Montgomery","personal_email":"bernard.montgomery@hotmail.co.uk","residentialAddress_fullAddress":"111 Queen St, Glasgow, Glasgow, G1 3AH"},{"personal_firstName":"Matthew","personal_lastName":"Hayes","personal_email":"matthew.hayes@googlemail.com","residentialAddress_fullAddress":"400 Coltness Rd, Wishaw, Lanarkshire, ML2 7HP"},{"personal_firstName":"Linda","personal_lastName":"McGregor","personal_email":"linda.mcgregor@hotmail.co.uk","residentialAddress_fullAddress":"3 Callender Gardens, Dundee, Angus, DD4 6BY"},{"personal_firstName":"Martin","personal_lastName":"Hayes","personal_email":"martin.hayes@gmail.com","residentialAddress_fullAddress":"12 Northfield Farm Road, Edinburgh, Midlothian, EH8 7QR"},{"personal_firstName":"Jennifer","personal_lastName":"Anderson","personal_email":"jennifer.anderson@hotmail.com","residentialAddress_fullAddress":"400 Coltness Rd, Wishaw, Lanarkshire, ML2 7HP"},{"personal_firstName":"Steven","personal_lastName":"Baxter","personal_email":"steven.baxter@example.com","residentialAddress_fullAddress":"111 Queen St, Glasgow, Glasgow, G1 3AH"},{"personal_firstName":"Thomas","personal_lastName":"Scott","personal_email":"thomas.scott@outlook.com","residentialAddress_fullAddress":"400 Coltness Rd, Wishaw, Lanarkshire, ML2 7HP"},{"personal_firstName":"Linda","personal_lastName":"Anderson","personal_email":"linda.anderson@hotmail.com","residentialAddress_fullAddress":"10 Princes Street, Dundee, Angus, DD4 6BY"},{"personal_firstName":"Steven","personal_lastName":"Weir","personal_email":"steven.weir@example.com","residentialAddress_fullAddress":"61 Pinetree Avenue, Lenzie, Dunbartonshire, G66 4EQ"},{"personal_firstName":"Michelle","personal_lastName":"Hayes","personal_email":"michelle.hayes@googlemail.com","residentialAddress_fullAddress":"61 Pinetree Avenue, Lenzie, Dunbartonshire, G66 4EQ"},{"personal_firstName":"Robert","personal_lastName":"James","personal_email":"robert.james@aol.com","residentialAddress_fullAddress":"3 Callender Gardens, Dundee, Angus, DD4 6BY"},{"personal_firstName":"Kenneth","personal_lastName":"Hayes","personal_email":"kenneth.hayes@gmail.com","residentialAddress_fullAddress":"111 Queen St, Glasgow, Glasgow, G1 3AH"},{"personal_firstName":"Sandra","personal_lastName":"Weir","personal_email":"sandra.weir@hotmail.com","residentialAddress_fullAddress":"3 Callender Gardens, Dundee, Angus, DD4 6BY"},{"personal_firstName":"John","personal_lastName":"Weir","personal_email":"john.weir@aol.com","residentialAddress_fullAddress":"20 High Mill Court, Dundee, Angus, DD2 1UN"},{"personal_firstName":"Mark","personal_lastName":"Murray","personal_email":"mark.murray@helloworld.com","residentialAddress_fullAddress":"111 Queen St, Glasgow, Glasgow, G1 3AH"},{"personal_firstName":"Bernard","personal_lastName":"Montgomery","personal_email":"bernard.montgomery@example.com","residentialAddress_fullAddress":"3 Callender Gardens, Dundee, Angus, DD4 6BY"},{"personal_firstName":"Emily","personal_lastName":"Smith","personal_email":"emily.smith@hotmail.com","residentialAddress_fullAddress":"10 Princes Street, Dundee, Angus, DD4 6BY"},{"personal_firstName":"Andrew","personal_lastName":"Anderson","personal_email":"andrew.anderson@live.com","residentialAddress_fullAddress":"Castle Wynd, Stirling, Perthshire, FK8 1EJ"},{"personal_firstName":"Bernard","personal_lastName":"Montgomery","personal_email":"bernard.montgomery@example.com","residentialAddress_fullAddress":"61 Pinetree Avenue, Lenzie, Dunbartonshire, G66 4EQ"},{"personal_firstName":"Jessica","personal_lastName":"Jenkins","personal_email":"jessica.jenkins@example.com","residentialAddress_fullAddress":"111 Queen St, Glasgow, Glasgow, G1 3AH"},{"personal_firstName":"Ashley","personal_lastName":"Weir","personal_email":"ashley.weir@hotmail.co.uk","residentialAddress_fullAddress":"16 Pinetree Avenue, Lenzie, Dunbartonshire, G66 4EQ"},{"personal_firstName":"Bernard","personal_lastName":"Barry","personal_email":"bernard.barry@hotmail.co.uk","residentialAddress_fullAddress":"12 Northfield Farm Road, Edinburgh, Midlothian, EH8 7QR"},{"personal_firstName":"James","personal_lastName":"Hayes","personal_email":"james.hayes@live.com","residentialAddress_fullAddress":"111 Queen St, Glasgow, Glasgow, G1 3AH"},{"personal_firstName":"Thomas","personal_lastName":"Hayes","personal_email":"thomas.hayes@live.co.uk","residentialAddress_fullAddress":"98 Howatson Court, Livingston, Midlothian, EH54 7FH"},{"personal_firstName":"James","personal_lastName":"Anderson","personal_email":"james.anderson@googlemail.com","residentialAddress_fullAddress":"400 Coltness Rd, Wishaw, Lanarkshire, ML2 7HP"},{"personal_firstName":"Andrew","personal_lastName":"Anderson","personal_email":"andrew.anderson@live.com","residentialAddress_fullAddress":"98 Howatson Court, Livingston, Midlothian, EH54 7FH"},{"personal_firstName":"Mark","personal_lastName":"Martin","personal_email":"mark.martin@aol.com","residentialAddress_fullAddress":"Castle Wynd, Stirling, Perthshire, FK8 1EJ"},{"personal_firstName":"Elizabeth","personal_lastName":"Barry","personal_email":"elizabeth.barry@gmail.com","residentialAddress_fullAddress":"10 Princes Street, Dundee, Angus, DD4 6BY"},{"personal_firstName":"Martin","personal_lastName":"Scott","personal_email":"martin.scott@example.com","residentialAddress_fullAddress":"400 Coltness Rd, Wishaw, Lanarkshire, ML2 7HP"},{"personal_firstName":"Francis","personal_lastName":"Brown","personal_email":"francis.brown@outlook.com","residentialAddress_fullAddress":"20 High Mill Court, Dundee, Angus, DD2 1UN"},{"personal_firstName":"Steven","personal_lastName":"Baxter","personal_email":"steven.baxter@live.co.uk","residentialAddress_fullAddress":"12 Northfield Farm Road, Edinburgh, Midlothian, EH8 7QR"},{"personal_firstName":"Amber","personal_lastName":"Martin","personal_email":"amber.martin@example.com","residentialAddress_fullAddress":"16 Pinetree Avenue, Lenzie, Dunbartonshire, G66 4EQ"},{"personal_firstName":"Martin","personal_lastName":"Martin","personal_email":"martin.martin@outlook.com","residentialAddress_fullAddress":"12 Northfield Farm Road, Edinburgh, Midlothian, EH8 7QR"},{"personal_firstName":"Barbara","personal_lastName":"McGregor","personal_email":"barbara.mcgregor@live.com","residentialAddress_fullAddress":"3 Callender Gardens, Dundee, Angus, DD4 6BY"},{"personal_firstName":"Amber","personal_lastName":"Hayes","personal_email":"amber.hayes@gmail.com","residentialAddress_fullAddress":"3 Callender Gardens, Dundee, Angus, DD4 6BY"},{"personal_firstName":"Nancy","personal_lastName":"Hayes","personal_email":"nancy.hayes@example.com","residentialAddress_fullAddress":"16 Pinetree Avenue, Lenzie, Dunbartonshire, G66 4EQ"},{"personal_firstName":"Anthony","personal_lastName":"Jenkins","personal_email":"anthony.jenkins@example.com","residentialAddress_fullAddress":"3 Callender Gardens, Dundee, Angus, DD4 6BY"},{"personal_firstName":"Joseph","personal_lastName":"Jenkins","personal_email":"joseph.jenkins@outlook.com","residentialAddress_fullAddress":"20 High Mill Court, Dundee, Angus, DD2 1UN"},{"personal_firstName":"Anthony","personal_lastName":"Lescott","personal_email":"anthony.lescott@googlemail.com","residentialAddress_fullAddress":"400 Coltness Rd, Wishaw, Lanarkshire, ML2 7HP"},{"personal_firstName":"Matthew","personal_lastName":"Scott","personal_email":"matthew.scott@hotmail.co.uk","residentialAddress_fullAddress":"10 Princes Street, Dundee, Angus, DD4 6BY"},{"personal_firstName":"Dorothy","personal_lastName":"Hayes","personal_email":"dorothy.hayes@googlemail.com","residentialAddress_fullAddress":"1 Glasgow Road, Edinburgh, Midlothian, EH12 8HW"},{"personal_firstName":"Charles","personal_lastName":"James","personal_email":"charles.james@live.com","residentialAddress_fullAddress":"111 Queen St, Glasgow, Glasgow, G1 3AH"},{"personal_firstName":"David","personal_lastName":"Owen","personal_email":"david.owen@example.com","residentialAddress_fullAddress":"Castle Wynd, Stirling, Perthshire, FK8 1EJ"},{"personal_firstName":"Peter","personal_lastName":"Hayes","personal_email":"peter.hayes@live.co.uk","residentialAddress_fullAddress":"16 Pinetree Avenue, Lenzie, Dunbartonshire, G66 4EQ"},{"personal_firstName":"Steven","personal_lastName":"Norman","personal_email":"steven.norman@live.co.uk","residentialAddress_fullAddress":"400 Coltness Rd, Wishaw, Lanarkshire, ML2 7HP"},{"personal_firstName":"Christopher","personal_lastName":"Jenkins","personal_email":"christopher.jenkins@live.co.uk","residentialAddress_fullAddress":"111 Queen St, Glasgow, Glasgow, G1 3AH"},{"personal_firstName":"Richard","personal_lastName":"Norman","personal_email":"richard.norman@hotmail.co.uk","residentialAddress_fullAddress":"61 Pinetree Avenue, Lenzie, Dunbartonshire, G66 4EQ"},{"personal_firstName":"Patricia","personal_lastName":"Martin","personal_email":"patricia.martin@example.com","residentialAddress_fullAddress":"Castle Wynd, Stirling, Perthshire, FK8 1EJ"},{"personal_firstName":"Anthony","personal_lastName":"Barry","personal_email":"anthony.barry@live.com","residentialAddress_fullAddress":"3 Callender Gardens, Dundee, Angus, DD4 6BY"},{"personal_firstName":"Linda","personal_lastName":"Brown","personal_email":"linda.brown@example.com","residentialAddress_fullAddress":"61 Pinetree Avenue, Lenzie, Dunbartonshire, G66 4EQ"},{"personal_firstName":"Francis","personal_lastName":"Norman","personal_email":"francis.norman@googlemail.com","residentialAddress_fullAddress":"3 Callender Gardens, Dundee, Angus, DD4 6BY"},{"personal_firstName":"Carol","personal_lastName":"Scott","personal_email":"carol.scott@outlook.com","residentialAddress_fullAddress":"111 Queen St, Glasgow, Glasgow, G1 3AH"},{"personal_firstName":"Daniel","personal_lastName":"Weir","personal_email":"daniel.weir@example.com","residentialAddress_fullAddress":"12 Northfield Farm Road, Edinburgh, Midlothian, EH8 7QR"},{"personal_firstName":"Christopher","personal_lastName":"Hayes","personal_email":"christopher.hayes@live.co.uk","residentialAddress_fullAddress":"20 High Mill Court, Dundee, Angus, DD2 1UN"},{"personal_firstName":"Elizabeth","personal_lastName":"Murray","personal_email":"elizabeth.murray@helloworld.com","residentialAddress_fullAddress":"10 Princes Street, Dundee, Angus, DD4 6BY"},{"personal_firstName":"Kenneth","personal_lastName":"Brown","personal_email":"kenneth.brown@live.com","residentialAddress_fullAddress":"111 Queen St, Glasgow, Glasgow, G1 3AH"},{"personal_firstName":"Margaret","personal_lastName":"Hayes","personal_email":"margaret.hayes@example.com","residentialAddress_fullAddress":"98 Howatson Court, Livingston, Midlothian, EH54 7FH"},{"personal_firstName":"Jennifer","personal_lastName":"Weir","personal_email":"jennifer.weir@googlemail.com","residentialAddress_fullAddress":"111 Queen St, Glasgow, Glasgow, G1 3AH"},{"personal_firstName":"Steven","personal_lastName":"Norman","personal_email":"steven.norman@aol.com","residentialAddress_fullAddress":"16 Pinetree Avenue, Lenzie, Dunbartonshire, G66 4EQ"},{"personal_firstName":"Emily","personal_lastName":"McGregor","personal_email":"emily.mcgregor@gmail.com","residentialAddress_fullAddress":"111 Queen St, Glasgow, Glasgow, G1 3AH"},{"personal_firstName":"James","personal_lastName":"Lescott","personal_email":"james.lescott@live.co.uk","residentialAddress_fullAddress":"20 High Mill Court, Dundee, Angus, DD2 1UN"},{"personal_firstName":"Anthony","personal_lastName":"Lescott","personal_email":"anthony.lescott@gmail.com","residentialAddress_fullAddress":"1 Glasgow Road, Edinburgh, Midlothian, EH12 8HW"},{"personal_firstName":"Amber","personal_lastName":"Weir","personal_email":"amber.weir@googlemail.com","residentialAddress_fullAddress":"16 Pinetree Avenue, Lenzie, Dunbartonshire, G66 4EQ"},{"personal_firstName":"Donald","personal_lastName":"Hayes","personal_email":"donald.hayes@live.com","residentialAddress_fullAddress":"1 Glasgow Road, Edinburgh, Midlothian, EH12 8HW"},{"personal_firstName":"Francis","personal_lastName":"Baxter","personal_email":"francis.baxter@gmail.com","residentialAddress_fullAddress":"3 Callender Gardens, Dundee, Angus, DD4 6BY"},{"personal_firstName":"Elizabeth","personal_lastName":"Jenkins","personal_email":"elizabeth.jenkins@live.com","residentialAddress_fullAddress":"1 Glasgow Road, Edinburgh, Midlothian, EH12 8HW"},{"personal_firstName":"Robert","personal_lastName":"Martin","personal_email":"robert.martin@helloworld.com","residentialAddress_fullAddress":"111 Queen St, Glasgow, Glasgow, G1 3AH"},{"personal_firstName":"Mary","personal_lastName":"Weir","personal_email":"mary.weir@gmail.com","residentialAddress_fullAddress":"10 Princes Street, Dundee, Angus, DD4 6BY"},{"personal_firstName":"Amber","personal_lastName":"Weir","personal_email":"amber.weir@live.co.uk","residentialAddress_fullAddress":"16 Pinetree Avenue, Lenzie, Dunbartonshire, G66 4EQ"},{"personal_firstName":"Donna","personal_lastName":"Montgomery","personal_email":"donna.montgomery@helloworld.com","residentialAddress_fullAddress":"400 Coltness Rd, Wishaw, Lanarkshire, ML2 7HP"},{"personal_firstName":"Bernard","personal_lastName":"Martin","personal_email":"bernard.martin@googlemail.com","residentialAddress_fullAddress":"98 Howatson Court, Livingston, Midlothian, EH54 7FH"},{"personal_firstName":"Emily","personal_lastName":"Barry","personal_email":"emily.barry@live.co.uk","residentialAddress_fullAddress":"111 Queen St, Glasgow, Glasgow, G1 3AH"},{"personal_firstName":"Elizabeth","personal_lastName":"Norman","personal_email":"elizabeth.norman@hotmail.co.uk","residentialAddress_fullAddress":"1 Glasgow Road, Edinburgh, Midlothian, EH12 8HW"},{"personal_firstName":"Donna","personal_lastName":"Lescott","personal_email":"donna.lescott@live.co.uk","residentialAddress_fullAddress":"20 High Mill Court, Dundee, Angus, DD2 1UN"},{"personal_firstName":"Martin","personal_lastName":"McGregor","personal_email":"martin.mcgregor@googlemail.com","residentialAddress_fullAddress":"400 Coltness Rd, Wishaw, Lanarkshire, ML2 7HP"},{"personal_firstName":"Christopher","personal_lastName":"McGregor","personal_email":"christopher.mcgregor@hotmail.co.uk","residentialAddress_fullAddress":"20 High Mill Court, Dundee, Angus, DD2 1UN"},{"personal_firstName":"Oscar","personal_lastName":"Montgomery","personal_email":"oscar.montgomery@live.com","residentialAddress_fullAddress":"61 Pinetree Avenue, Lenzie, Dunbartonshire, G66 4EQ"},{"personal_firstName":"Martin","personal_lastName":"Jenkins","personal_email":"martin.jenkins@googlemail.com","residentialAddress_fullAddress":"98 Howatson Court, Livingston, Midlothian, EH54 7FH"},{"personal_firstName":"Joseph","personal_lastName":"Martin","personal_email":"joseph.martin@example.com","residentialAddress_fullAddress":"16 Pinetree Avenue, Lenzie, Dunbartonshire, G66 4EQ"},{"personal_firstName":"Patricia","personal_lastName":"Montgomery","personal_email":"patricia.montgomery@live.com","residentialAddress_fullAddress":"111 Queen St, Glasgow, Glasgow, G1 3AH"},{"personal_firstName":"Jennifer","personal_lastName":"Norman","personal_email":"jennifer.norman@gmail.com","residentialAddress_fullAddress":"61 Pinetree Avenue, Lenzie, Dunbartonshire, G66 4EQ"},{"personal_firstName":"Karen","personal_lastName":"Hayes","personal_email":"karen.hayes@example.com","residentialAddress_fullAddress":"111 Queen St, Glasgow, Glasgow, G1 3AH"},{"personal_firstName":"Charles","personal_lastName":"Owen","personal_email":"charles.owen@googlemail.com","residentialAddress_fullAddress":"98 Howatson Court, Livingston, Midlothian, EH54 7FH"},{"personal_firstName":"Kimberly","personal_lastName":"Lescott","personal_email":"kimberly.lescott@aol.com","residentialAddress_fullAddress":"12 Northfield Farm Road, Edinburgh, Midlothian, EH8 7QR"},{"personal_firstName":"John","personal_lastName":"McGregor","personal_email":"john.mcgregor@gmail.com","residentialAddress_fullAddress":"16 Pinetree Avenue, Lenzie, Dunbartonshire, G66 4EQ"},{"personal_firstName":"Jessica","personal_lastName":"Lescott","personal_email":"jessica.lescott@helloworld.com","residentialAddress_fullAddress":"111 Queen St, Glasgow, Glasgow, G1 3AH"},{"personal_firstName":"Sandra","personal_lastName":"Hayes","personal_email":"sandra.hayes@hotmail.co.uk","residentialAddress_fullAddress":"16 Pinetree Avenue, Lenzie, Dunbartonshire, G66 4EQ"},{"personal_firstName":"Donald","personal_lastName":"Owen","personal_email":"donald.owen@hotmail.co.uk","residentialAddress_fullAddress":"16 Pinetree Avenue, Lenzie, Dunbartonshire, G66 4EQ"},{"personal_firstName":"Matthew","personal_lastName":"Baxter","personal_email":"matthew.baxter@hotmail.co.uk","residentialAddress_fullAddress":"400 Coltness Rd, Wishaw, Lanarkshire, ML2 7HP"},{"personal_firstName":"Ashley","personal_lastName":"Baxter","personal_email":"ashley.baxter@gmail.com","residentialAddress_fullAddress":"12 Northfield Farm Road, Edinburgh, Midlothian, EH8 7QR"},{"personal_firstName":"Oscar","personal_lastName":"James","personal_email":"oscar.james@live.co.uk","residentialAddress_fullAddress":"111 Queen St, Glasgow, Glasgow, G1 3AH"},{"personal_firstName":"Donna","personal_lastName":"McGregor","personal_email":"donna.mcgregor@example.com","residentialAddress_fullAddress":"400 Coltness Rd, Wishaw, Lanarkshire, ML2 7HP"},{"personal_firstName":"Paul","personal_lastName":"Martin","personal_email":"paul.martin@live.co.uk","residentialAddress_fullAddress":"111 Queen St, Glasgow, Glasgow, G1 3AH"},{"personal_firstName":"Sandra","personal_lastName":"Scott","personal_email":"sandra.scott@outlook.com","residentialAddress_fullAddress":"3 Callender Gardens, Dundee, Angus, DD4 6BY"},{"personal_firstName":"Martin","personal_lastName":"Baxter","personal_email":"martin.baxter@live.co.uk","residentialAddress_fullAddress":"1 Glasgow Road, Edinburgh, Midlothian, EH12 8HW"},{"personal_firstName":"William","personal_lastName":"Barry","personal_email":"william.barry@helloworld.com","residentialAddress_fullAddress":"3 Callender Gardens, Dundee, Angus, DD4 6BY"},{"personal_firstName":"Richard","personal_lastName":"Weir","personal_email":"richard.weir@aol.com","residentialAddress_fullAddress":"16 Pinetree Avenue, Lenzie, Dunbartonshire, G66 4EQ"}]