[{"personal_firstName":"Margaret","personal_lastName":"Baxter","personal_email":"margaret.baxter@helloworld.com","residentialAddress_fullAddress":"400 Coltness Rd, Wishaw, Lanarkshire, ML2 7HP"},{"personal_firstName":"Amber","personal_lastName":"Lescott","personal_email":"amber.lescott@gmail.com","residentialAddress_fullAddress":"61 Pinetree Avenue, Lenzie, Dunbartonshire, G66 4EQ"},{"personal_firstName":"Andrew","personal_lastName":"Scott","personal_email":"andrew.scott@live.co.uk","residentialAddress_fullAddress":"1 Glasgow Road, Edinburgh, Midlothian, EH12 8HW"},{"personal_firstName":"Jessica","personal_lastName":"Martin","personal_email":"jessica.martin@gmail.com","residentialAddress_fullAddress":"20 High Mill Court, Dundee, Angus, DD2 1UN"},{"personal_firstName":"Carol","personal_lastName":"Weir","personal_email":"carol.weir@helloworld.com","residentialAddress_fullAddress":"61 Pinetree Avenue, Lenzie, Dunbartonshire, G66 4EQ"},{"personal_firstName":"Patricia","personal_lastName":"Weir","personal_email":"patricia.weir@googlemail.com","residentialAddress_fullAddress":"98 Howatson Court, Livingston, Midlothian, EH54 7FH"},{"personal_firstName":"Emily","personal_lastName":"Smith","personal_email":"emily.smith@helloworld.com","residentialAddress_fullAddress":"12 Northfield Farm Road, Edinburgh, Midlothian, EH8 7QR"},{"personal_firstName":"William","personal_lastName":"Owen","personal_email":"william.owen@hotmail.com","residentialAddress_fullAddress":"16 Pinetree Avenue, Lenzie, Dunbartonshire, G66 4EQ"},{"personal_firstName":"Kimberly","personal_lastName":"Jenkins","personal_email":"kimberly.jenkins@outlook.com","residentialAddress_fullAddress":"Castle Wynd, Stirling, Perthshire, FK8 1EJ"},{"personal_firstName":"Daniel","personal_lastName":"Scott","personal_email":"daniel.scott@hotmail.com","residentialAddress_fullAddress":"10 Princes Street, Dundee, Angus, DD4 6BY"},{"personal_firstName":"Paul","personal_lastName":"Anderson","personal_email":"paul.anderson@gmail.com","residentialAddress_fullAddress":"20 High Mill Court, Dundee, Angus, DD2 1UN"},{"personal_firstName":"Ashley","personal_lastName":"Norman","personal_email":"ashley.norman@gmail.com","residentialAddress_fullAddress":"12 Northfield Farm Road, Edinburgh, Midlothian, EH8 7QR"},{"personal_firstName":"Susan","personal_lastName":"Barry","personal_email":"susan.barry@aol.com","residentialAddress_fullAddress":"16 Pinetree Avenue, Lenzie, Dunbartonshire, G66 4EQ"},{"personal_firstName":"Margaret","personal_lastName":"Norman","personal_email":"margaret.norman@gmail.com","residentialAddress_fullAddress":"10 Princes Street, Dundee, Angus, DD4 6BY"},{"personal_firstName":"James","personal_lastName":"Norman","personal_email":"james.norman@live.com","residentialAddress_fullAddress":"12 Northfield Farm Road, Edinburgh, Midlothian, EH8 7QR"},{"personal_firstName":"Oscar","personal_lastName":"Anderson","personal_email":"oscar.anderson@hotmail.com","residentialAddress_fullAddress":"3 Callender Gardens, Dundee, Angus, DD4 6BY"},{"personal_firstName":"Charles","personal_lastName":"Murray","personal_email":"charles.murray@helloworld.com","residentialAddress_fullAddress":"12 Northfield Farm Road, Edinburgh, Midlothian, EH8 7QR"},{"personal_firstName":"Nancy","personal_lastName":"Owen","personal_email":"nancy.owen@outlook.com","residentialAddress_fullAddress":"16 Pinetree Avenue, Lenzie, Dunbartonshire, G66 4EQ"},{"personal_firstName":"Jennifer","personal_lastName":"Hayes","personal_email":"jennifer.hayes@example.com","residentialAddress_fullAddress":"10 Princes Street, Dundee, Angus, DD4 6BY"},{"personal_firstName":"Jennifer","personal_lastName":"Murray","personal_email":"jennifer.murray@aol.com","residentialAddress_fullAddress":"98 Howatson Court, Livingston, Midlothian, EH54 7FH"},{"personal_firstName":"Lisa","personal_lastName":"Jenkins","personal_email":"lisa.jenkins@aol.com","residentialAddress_fullAddress":"12 Northfield Farm Road, Edinburgh, Midlothian, EH8 7QR"},{"personal_firstName":"Joanna","personal_lastName":"Hayes","personal_email":"joanna.hayes@live.co.uk","residentialAddress_fullAddress":"12 Northfield Farm Road, Edinburgh, Midlothian, EH8 7QR"},{"personal_firstName":"Dorothy","personal_lastName":"Brown","personal_email":"dorothy.brown@googlemail.com","residentialAddress_fullAddress":"400 Coltness Rd, Wishaw, Lanarkshire, ML2 7HP"},{"personal_firstName":"Robert","personal_lastName":"Hayes","personal_email":"robert.hayes@live.co.uk","residentialAddress_fullAddress":"61 Pinetree Avenue, Lenzie, Dunbartonshire, G66 4EQ"},{"personal_firstName":"Michelle","personal_lastName":"Weir","personal_email":"michelle.weir@example.com","residentialAddress_fullAddress":"12 Northfield Farm Road, Edinburgh, Midlothian, EH8 7QR"},{"personal_firstName":"Michael","personal_lastName":"Anderson","personal_email":"michael.anderson@hotmail.com","residentialAddress_fullAddress":"20 High Mill Court, Dundee, Angus, DD2 1UN"},{"personal_firstName":"Anthony","personal_lastName":"Jenkins","personal_email":"anthony.jenkins@aol.com","residentialAddress_fullAddress":"20 High Mill Court, Dundee, Angus, DD2 1UN"},{"personal_firstName":"Stephen","personal_lastName":"Hayes","personal_email":"stephen.hayes@helloworld.com","residentialAddress_fullAddress":"Castle Wynd, Stirling, Perthshire, FK8 1EJ"},{"personal_firstName":"Bernard","personal_lastName":"Martin","personal_email":"bernard.martin@helloworld.com","residentialAddress_fullAddress":"12 Northfield Farm Road, Edinburgh, Midlothian, EH8 7QR"},{"personal_firstName":"Mary","personal_lastName":"Hayes","personal_email":"mary.hayes@example.com","residentialAddress_fullAddress":"10 Princes Street, Dundee, Angus, DD4 6BY"},{"personal_firstName":"Emily","personal_lastName":"Montgomery","personal_email":"emily.montgomery@aol.com","residentialAddress_fullAddress":"400 Coltness Rd, Wishaw, Lanarkshire, ML2 7HP"},{"personal_firstName":"David","personal_lastName":"Smith","personal_email":"david.smith@aol.com","residentialAddress_fullAddress":"12 Northfield Farm Road, Edinburgh, Midlothian, EH8 7QR"},{"personal_firstName":"Sarah","personal_lastName":"Barry","personal_email":"sarah.barry@helloworld.com","residentialAddress_fullAddress":"10 Princes Street, Dundee, Angus, DD4 6BY"},{"personal_firstName":"Mary","personal_lastName":"Hayes","personal_email":"mary.hayes@live.co.uk","residentialAddress_fullAddress":"98 Howatson Court, Livingston, Midlothian, EH54 7FH"},{"personal_firstName":"Emily","personal_lastName":"Norman","personal_email":"emily.norman@googlemail.com","residentialAddress_fullAddress":"98 Howatson Court, Livingston, Midlothian, EH54 7FH"},{"personal_firstName":"Barbara","personal_lastName":"Weir","personal_email":"barbara.weir@outlook.com","residentialAddress_fullAddress":"10 Princes Street, Dundee, Angus, DD4 6BY"},{"personal_firstName":"Dorothy","personal_lastName":"Murray","personal_email":"dorothy.murray@live.com","residentialAddress_fullAddress":"16 Pinetree Avenue, Lenzie, Dunbartonshire, G66 4EQ"},{"personal_firstName":"Daniel","personal_lastName":"Hayes","personal_email":"daniel.hayes@gmail.com","residentialAddress_fullAddress":"20 High Mill Court, Dundee, Angus, DD2 1UN"},{"personal_firstName":"Kenneth","personal_lastName":"Brown","personal_email":"kenneth.brown@example.com","residentialAddress_fullAddress":"1 Glasgow Road, Edinburgh, Midlothian, EH12 8HW"},{"personal_firstName":"William","personal_lastName":"Scott","personal_email":"william.scott@outlook.com","residentialAddress_fullAddress":"10 Princes Street, Dundee, Angus, DD4 6BY"},{"personal_firstName":"William","personal_lastName":"Brown","personal_email":"william.brown@example.com","residentialAddress_fullAddress":"16 Pinetree Avenue, Lenzie, Dunbartonshire, G66 4EQ"},{"personal_firstName":"Jessica","personal_lastName":"Lescott","personal_email":"jessica.lescott@gmail.com","residentialAddress_fullAddress":"98 Howatson Court, Livingston, Midlothian, EH54 7FH"},{"personal_firstName":"Donna","personal_lastName":"Weir","personal_email":"donna.weir@gmail.com","residentialAddress_fullAddress":"3 Callender Gardens, Dundee, Angus, DD4 6BY"},{"personal_firstName":"Nancy","personal_lastName":"Owen","personal_email":"nancy.owen@googlemail.com","residentialAddress_fullAddress":"3 Callender Gardens, Dundee, Angus, DD4 6BY"},{"personal_firstName":"Elizabeth","personal_lastName":"Anderson","personal_email":"elizabeth.anderson@hotmail.com","residentialAddress_fullAddress":"10 Princes Street, Dundee, Angus, DD4 6BY"},{"personal_firstName":"Anthony","personal_lastName":"Anderson","personal_email":"anthony.anderson@helloworld.com","residentialAddress_fullAddress":"Castle Wynd, Stirling, Perthshire, FK8 1EJ"},{"personal_firstName":"Anthony","personal_lastName":"James","personal_email":"anthony.james@gmail.com","residentialAddress_fullAddress":"10 Princes Street, Dundee, Angus, DD4 6BY"},{"personal_firstName":"Patricia","personal_lastName":"Smith","personal_email":"patricia.smith@live.com","residentialAddress_fullAddress":"61 Pinetree Avenue, Lenzie, Dunbartonshire, G66 4EQ"},{"personal_firstName":"Nancy","personal_lastName":"Anderson","personal_email":"nancy.anderson@hotmail.com","residentialAddress_fullAddress":"98 Howatson Court, Livingston, Midlothian, EH54 7FH"},{"personal_firstName":"Nancy","personal_lastName":"Lescott","personal_email":"nancy.lescott@googlemail.com","residentialAddress_fullAddress":"12 Northfield Farm Road, Edinburgh, Midlothian, EH8 7QR"},{"personal_firstName":"John","personal_lastName":"Owen","personal_email":"john.owen@helloworld.com","residentialAddress_fullAddress":"1 Glasgow Road, Edinburgh, Midlothian, EH12 8HW"},{"personal_firstName":"Karen","personal_lastName":"Norman","personal_email":"karen.norman@helloworld.com","residentialAddress_fullAddress":"16 Pinetree Avenue, Lenzie, Dunbartonshire, G66 4EQ"},{"personal_firstName":"James","personal_lastName":"Jenkins","personal_email":"james.jenkins@aol.com","residentialAddress_fullAddress":"16 Pinetree Avenue, Lenzie, Dunbartonshire, G66 4EQ"},{"personal_firstName":"Susan","personal_lastName":"Brown","personal_email":"susan.brown@helloworld.com","residentialAddress_fullAddress":"111 Queen St, Glasgow, Glasgow, G1 3AH"},{"personal_firstName":"Francis","personal_lastName":"Baxter","personal_email":"francis.baxter@outlook.com","residentialAddress_fullAddress":"111 Queen St, Glasgow, Glasgow, G1 3AH"},{"personal_firstName":"Bobby","personal_lastName":"Martin","personal_email":"bobby.martin@aol.com","residentialAddress_fullAddress":"16 Pinetree Avenue, Lenzie, Dunbartonshire, G66 4EQ"},{"personal_firstName":"Anthony","personal_lastName":"Barry","personal_email":"anthony.barry@live.co.uk","residentialAddress_fullAddress":"16 Pinetree Avenue, Lenzie, Dunbartonshire, G66 4EQ"},{"personal_firstName":"Linda","personal_lastName":"Norman","personal_email":"linda.norman@live.co.uk","residentialAddress_fullAddress":"1 Glasgow Road, Edinburgh, Midlothian, EH12 8HW"},{"personal_firstName":"Sandra","personal_lastName":"McGregor","personal_email":"sandra.mcgregor@live.com","residentialAddress_fullAddress":"111 Queen St, Glasgow, Glasgow, G1 3AH"},{"personal_firstName":"Sandra","personal_lastName":"Anderson","personal_email":"sandra.anderson@example.com","residentialAddress_fullAddress":"Castle Wynd, Stirling, Perthshire, FK8 1EJ"},{"personal_firstName":"William","personal_lastName":"Norman","personal_email":"william.norman@example.com","residentialAddress_fullAddress":"Castle Wynd, Stirling, Perthshire, FK8 1EJ"},{"personal_firstName":"Joseph","personal_lastName":"Montgomery","personal_email":"joseph.montgomery@outlook.com","residentialAddress_fullAddress":"Castle Wynd, Stirling, Perthshire, FK8 1EJ"},{"personal_firstName":"Nancy","personal_lastName":"Norman","personal_email":"nancy.norman@hotmail.com","residentialAddress_fullAddress":"98 Howatson Court, Livingston, Midlothian, EH54 7FH"},{"personal_firstName":"William","personal_lastName":"Jenkins","personal_email":"william.jenkins@live.com","residentialAddress_fullAddress":"400 Coltness Rd, Wishaw, Lanarkshire, ML2 7HP"},{"personal_firstName":"James","personal_lastName":"Norman","personal_email":"james.norman@helloworld.com","residentialAddress_fullAddress":"20 High Mill Court, Dundee, Angus, DD2 1UN"},{"personal_firstName":"Donna","personal_lastName":"Scott","personal_email":"donna.scott@helloworld.com","residentialAddress_fullAddress":"16 Pinetree Avenue, Lenzie, Dunbartonshire, G66 4EQ"},{"personal_firstName":"Nancy","personal_lastName":"Owen","personal_email":"nancy.owen@gmail.com","residentialAddress_fullAddress":"400 Coltness Rd, Wishaw, Lanarkshire, ML2 7HP"},{"personal_firstName":"Lisa","personal_lastName":"Jenkins","personal_email":"lisa.jenkins@outlook.com","residentialAddress_fullAddress":"16 Pinetree Avenue, Lenzie, Dunbartonshire, G66 4EQ"},{"personal_firstName":"Susan","personal_lastName":"Hayes","personal_email":"susan.hayes@live.co.uk","residentialAddress_fullAddress":"16 Pinetree Avenue, Lenzie, Dunbartonshire, G66 4EQ"},{"personal_firstName":"James","personal_lastName":"James","personal_email":"james.james@live.com","residentialAddress_fullAddress":"3 Callender Gardens, Dundee, Angus, DD4 6BY"},{"personal_firstName":"Martin","personal_lastName":"Barry","personal_email":"martin.barry@googlemail.com","residentialAddress_fullAddress":"12 Northfield Farm Road, Edinburgh, Midlothian, EH8 7QR"},{"personal_firstName":"Kimberly","personal_lastName":"Brown","personal_email":"kimberly.brown@googlemail.com","residentialAddress_fullAddress":"400 Coltness Rd, Wishaw, Lanarkshire, ML2 7HP"},{"personal_firstName":"Oscar","personal_lastName":"Weir","personal_email":"oscar.weir@outlook.com","residentialAddress_fullAddress":"1 Glasgow Road, Edinburgh, Midlothian, EH12 8HW"},{"personal_firstName":"Amber","personal_lastName":"Hayes","personal_email":"amber.hayes@gmail.com","residentialAddress_fullAddress":"400 Coltness Rd, Wishaw, Lanarkshire, ML2 7HP"},{"personal_firstName":"Donna","personal_lastName":"Hayes","personal_email":"donna.hayes@gmail.com","residentialAddress_fullAddress":"61 Pinetree Avenue, Lenzie, Dunbartonshire, G66 4EQ"},{"personal_firstName":"Peter","personal_lastName":"Hayes","personal_email":"peter.hayes@example.com","residentialAddress_fullAddress":"16 Pinetree Avenue, Lenzie, Dunbartonshire, G66 4EQ"},{"personal_firstName":"Michael","personal_lastName":"Brown","personal_email":"michael.brown@outlook.com","residentialAddress_fullAddress":"61 Pinetree Avenue, Lenzie, Dunbartonshire, G66 4EQ"},{"personal_firstName":"Elizabeth","personal_lastName":"Barry","personal_email":"elizabeth.barry@hotmail.com","residentialAddress_fullAddress":"1 Glasgow Road, Edinburgh, Midlothian, EH12 8HW"},{"personal_firstName":"Kimberly","personal_lastName":"Norman","personal_email":"kimberly.norman@hotmail.com","residentialAddress_fullAddress":"98 Howatson Court, Livingston, Midlothian, EH54 7FH"},{"personal_firstName":"Ashley","personal_lastName":"Murray","personal_email":"ashley.murray@hotmail.co.uk","residentialAddress_fullAddress":"3 Callender Gardens, Dundee, Angus, DD4 6BY"},{"personal_firstName":"Karen","personal_lastName":"Anderson","personal_email":"karen.anderson@live.co.uk","residentialAddress_fullAddress":"61 Pinetree Avenue, Lenzie, Dunbartonshire, G66 4EQ"},{"personal_firstName":"Paul","personal_lastName":"Weir","personal_email":"paul.weir@example.com","residentialAddress_fullAddress":"12 Northfield Farm Road, Edinburgh, Midlothian, EH8 7QR"},{"personal_firstName":"Joshua","personal_lastName":"Martin","personal_email":"joshua.martin@gmail.com","residentialAddress_fullAddress":"12 Northfield Farm Road, Edinburgh, Midlothian, EH8 7QR"},{"personal_firstName":"Betty","personal_lastName":"McGregor","personal_email":"betty.mcgregor@live.com","residentialAddress_fullAddress":"3 Callender Gardens, Dundee, Angus, DD4 6BY"},{"personal_firstName":"Emily","personal_lastName":"Jenkins","personal_email":"emily.jenkins@live.co.uk","residentialAddress_fullAddress":"400 Coltness Rd, Wishaw, Lanarkshire, ML2 7HP"},{"personal_firstName":"Bobby","personal_lastName":"Barry","personal_email":"bobby.barry@example.com","residentialAddress_fullAddress":"Castle Wynd, Stirling, Perthshire, FK8 1EJ"},{"personal_firstName":"John","personal_lastName":"McGregor","personal_email":"john.mcgregor@aol.com","residentialAddress_fullAddress":"20 High Mill Court, Dundee, Angus, DD2 1UN"},{"personal_firstName":"Linda","personal_lastName":"Weir","personal_email":"linda.weir@example.com","residentialAddress_fullAddress":"400 Coltness Rd, Wishaw, Lanarkshire, ML2 7HP"},{"personal_firstName":"Susan","personal_lastName":"Baxter","personal_email":"susan.baxter@outlook.com","residentialAddress_fullAddress":"20 High Mill Court, Dundee, Angus, DD2 1UN"},{"personal_firstName":"Susan","personal_lastName":"Lescott","personal_email":"susan.lescott@helloworld.com","residentialAddress_fullAddress":"98 Howatson Court, Livingston, Midlothian, EH54 7FH"},{"personal_firstName":"Bobby","personal_lastName":"Montgomery","personal_email":"bobby.montgomery@hotmail.com","residentialAddress_fullAddress":"12 Northfield Farm Road, Edinburgh, Midlothian, EH8 7QR"},{"personal_firstName":"Kimberly","personal_lastName":"James","personal_email":"kimberly.james@gmail.com","residentialAddress_fullAddress":"20 High Mill Court, Dundee, Angus, DD2 1UN"},{"personal_firstName":"Donald","personal_lastName":"Baxter","personal_email":"donald.baxter@gmail.com","residentialAddress_fullAddress":"400 Coltness Rd, Wishaw, Lanarkshire, ML2 7HP"},{"personal_firstName":"Bernard","personal_lastName":"Scott","personal_email":"bernard.scott@hotmail.com","residentialAddress_fullAddress":"12 Northfield Farm Road, Edinburgh, Midlothian, EH8 7QR"},{"personal_firstName":"Barbara","personal_lastName":"Anderson","personal_email":"barbara.anderson@hotmail.co.uk","residentialAddress_fullAddress":"10 Princes Street, Dundee, Angus, DD4 6BY"},{"personal_firstName":"Jennifer","personal_lastName":"McGregor","personal_email":"jennifer.mcgregor@hotmail.com","residentialAddress_fullAddress":"3 Callender Gardens, Dundee, Angus, DD4 6BY"},{"personal_firstName":"Lisa","personal_lastName":"Weir","personal_email":"lisa.weir@live.com","residentialAddress_fullAddress":"12 Northfield Farm Road, Edinburgh, Midlothian, EH8 7QR"},{"personal_firstName":"Paul","personal_lastName":"Baxter","personal_email":"paul.baxter@helloworld.com","residentialAddress_fullAddress":"16 Pinetree Avenue, Lenzie, Dunbartonshire, G66 4EQ"},{"personal_firstName":"Jennifer","personal_lastName":"Norman","personal_email":"jennifer.norman@googlemail.com","residentialAddress_fullAddress":"12 Northfield Farm Road, Edinburgh, Midlothian, EH8 7QR"},{"personal_firstName":"Linda","personal_lastName":"Scott","personal_email":"linda.scott@live.co.uk","residentialAddress_fullAddress":"111 Queen St, Glasgow, Glasgow, G1 3AH"}]