[{"personal_nino":"XS629533B","personal_title":"MRS","personal_firstName":"Joshua","personal_secondName":"Donald","personal_lastName":"Montgomery","personal_fullName":"Joshua Montgomery","personal_startDate":"08/04/2001","personal_dobFormatted":"29/10/1987","personal_name1DrivingLicence":"MONTG810297J99RR","personal_email":"joshua.montgomery@gmail.com","personal_mobileNumber":"07469423207","personal_gender":"F","personal_nationality":"Australian","residentialAddress_firstLine":"98 Howatson Court","residentialAddress_city":"Livingston","residentialAddress_county":"Midlothian","residentialAddress_postCode":"EH54 7FH","residentialAddress_moveInDate":"10/08/2020","financial_accountName":"IMOVO","financial_accountNumber":"83439869","financial_iban":"To22JXHQ87568859768128","financial_sortCode":"662865","financial_swift":"XNiokT71MNq","financial_rollNumber":"BHU-T115038/R","financial_accountTypes":"BA45004"}]