[{"personal_firstName":"Kimberly","personal_lastName":"Scott","personal_email":"kimberly.scott@aol.com","residentialAddress_fullAddress":"61 Pinetree Avenue, Lenzie, Dunbartonshire, G66 4EQ"},{"personal_firstName":"James","personal_lastName":"Montgomery","personal_email":"james.montgomery@gmail.com","residentialAddress_fullAddress":"400 Coltness Rd, Wishaw, Lanarkshire, ML2 7HP"},{"personal_firstName":"Joshua","personal_lastName":"James","personal_email":"joshua.james@example.com","residentialAddress_fullAddress":"20 High Mill Court, Dundee, Angus, DD2 1UN"},{"personal_firstName":"Martin","personal_lastName":"Brown","personal_email":"martin.brown@googlemail.com","residentialAddress_fullAddress":"12 Northfield Farm Road, Edinburgh, Midlothian, EH8 7QR"},{"personal_firstName":"Joshua","personal_lastName":"Norman","personal_email":"joshua.norman@gmail.com","residentialAddress_fullAddress":"111 Queen St, Glasgow, Glasgow, G1 3AH"},{"personal_firstName":"Linda","personal_lastName":"Baxter","personal_email":"linda.baxter@googlemail.com","residentialAddress_fullAddress":"111 Queen St, Glasgow, Glasgow, G1 3AH"},{"personal_firstName":"Carol","personal_lastName":"Hayes","personal_email":"carol.hayes@live.com","residentialAddress_fullAddress":"20 High Mill Court, Dundee, Angus, DD2 1UN"},{"personal_firstName":"Ashley","personal_lastName":"Murray","personal_email":"ashley.murray@example.com","residentialAddress_fullAddress":"400 Coltness Rd, Wishaw, Lanarkshire, ML2 7HP"},{"personal_firstName":"Ashley","personal_lastName":"Weir","personal_email":"ashley.weir@live.com","residentialAddress_fullAddress":"1 Glasgow Road, Edinburgh, Midlothian, EH12 8HW"},{"personal_firstName":"Patricia","personal_lastName":"McGregor","personal_email":"patricia.mcgregor@helloworld.com","residentialAddress_fullAddress":"61 Pinetree Avenue, Lenzie, Dunbartonshire, G66 4EQ"},{"personal_firstName":"Joseph","personal_lastName":"Owen","personal_email":"joseph.owen@helloworld.com","residentialAddress_fullAddress":"10 Princes Street, Dundee, Angus, DD4 6BY"},{"personal_firstName":"Charles","personal_lastName":"Hayes","personal_email":"charles.hayes@gmail.com","residentialAddress_fullAddress":"61 Pinetree Avenue, Lenzie, Dunbartonshire, G66 4EQ"},{"personal_firstName":"Steven","personal_lastName":"McGregor","personal_email":"steven.mcgregor@example.com","residentialAddress_fullAddress":"10 Princes Street, Dundee, Angus, DD4 6BY"},{"personal_firstName":"Joshua","personal_lastName":"James","personal_email":"joshua.james@gmail.com","residentialAddress_fullAddress":"1 Glasgow Road, Edinburgh, Midlothian, EH12 8HW"},{"personal_firstName":"Matthew","personal_lastName":"Barry","personal_email":"matthew.barry@live.com","residentialAddress_fullAddress":"12 Northfield Farm Road, Edinburgh, Midlothian, EH8 7QR"},{"personal_firstName":"Joanna","personal_lastName":"Montgomery","personal_email":"joanna.montgomery@hotmail.co.uk","residentialAddress_fullAddress":"3 Callender Gardens, Dundee, Angus, DD4 6BY"},{"personal_firstName":"Richard","personal_lastName":"Norman","personal_email":"richard.norman@hotmail.com","residentialAddress_fullAddress":"111 Queen St, Glasgow, Glasgow, G1 3AH"},{"personal_firstName":"Anthony","personal_lastName":"Smith","personal_email":"anthony.smith@googlemail.com","residentialAddress_fullAddress":"61 Pinetree Avenue, Lenzie, Dunbartonshire, G66 4EQ"},{"personal_firstName":"Christopher","personal_lastName":"McGregor","personal_email":"christopher.mcgregor@live.com","residentialAddress_fullAddress":"16 Pinetree Avenue, Lenzie, Dunbartonshire, G66 4EQ"},{"personal_firstName":"James","personal_lastName":"Brown","personal_email":"james.brown@helloworld.com","residentialAddress_fullAddress":"111 Queen St, Glasgow, Glasgow, G1 3AH"},{"personal_firstName":"Donna","personal_lastName":"Baxter","personal_email":"donna.baxter@live.co.uk","residentialAddress_fullAddress":"61 Pinetree Avenue, Lenzie, Dunbartonshire, G66 4EQ"},{"personal_firstName":"Michelle","personal_lastName":"Lescott","personal_email":"michelle.lescott@googlemail.com","residentialAddress_fullAddress":"20 High Mill Court, Dundee, Angus, DD2 1UN"},{"personal_firstName":"Lisa","personal_lastName":"Hayes","personal_email":"lisa.hayes@outlook.com","residentialAddress_fullAddress":"98 Howatson Court, Livingston, Midlothian, EH54 7FH"},{"personal_firstName":"Joseph","personal_lastName":"Hayes","personal_email":"joseph.hayes@hotmail.com","residentialAddress_fullAddress":"10 Princes Street, Dundee, Angus, DD4 6BY"},{"personal_firstName":"Sarah","personal_lastName":"Smith","personal_email":"sarah.smith@hotmail.com","residentialAddress_fullAddress":"111 Queen St, Glasgow, Glasgow, G1 3AH"},{"personal_firstName":"John","personal_lastName":"Baxter","personal_email":"john.baxter@outlook.com","residentialAddress_fullAddress":"12 Northfield Farm Road, Edinburgh, Midlothian, EH8 7QR"},{"personal_firstName":"Daniel","personal_lastName":"Brown","personal_email":"daniel.brown@gmail.com","residentialAddress_fullAddress":"98 Howatson Court, Livingston, Midlothian, EH54 7FH"},{"personal_firstName":"James","personal_lastName":"James","personal_email":"james.james@example.com","residentialAddress_fullAddress":"61 Pinetree Avenue, Lenzie, Dunbartonshire, G66 4EQ"},{"personal_firstName":"Joanna","personal_lastName":"Jenkins","personal_email":"joanna.jenkins@hotmail.co.uk","residentialAddress_fullAddress":"61 Pinetree Avenue, Lenzie, Dunbartonshire, G66 4EQ"},{"personal_firstName":"Jennifer","personal_lastName":"Scott","personal_email":"jennifer.scott@live.com","residentialAddress_fullAddress":"1 Glasgow Road, Edinburgh, Midlothian, EH12 8HW"},{"personal_firstName":"Stephen","personal_lastName":"Scott","personal_email":"stephen.scott@outlook.com","residentialAddress_fullAddress":"400 Coltness Rd, Wishaw, Lanarkshire, ML2 7HP"},{"personal_firstName":"Donald","personal_lastName":"Weir","personal_email":"donald.weir@hotmail.co.uk","residentialAddress_fullAddress":"98 Howatson Court, Livingston, Midlothian, EH54 7FH"},{"personal_firstName":"Margaret","personal_lastName":"Brown","personal_email":"margaret.brown@live.com","residentialAddress_fullAddress":"61 Pinetree Avenue, Lenzie, Dunbartonshire, G66 4EQ"},{"personal_firstName":"Paul","personal_lastName":"Hayes","personal_email":"paul.hayes@helloworld.com","residentialAddress_fullAddress":"400 Coltness Rd, Wishaw, Lanarkshire, ML2 7HP"},{"personal_firstName":"Susan","personal_lastName":"Owen","personal_email":"susan.owen@googlemail.com","residentialAddress_fullAddress":"16 Pinetree Avenue, Lenzie, Dunbartonshire, G66 4EQ"},{"personal_firstName":"Ashley","personal_lastName":"Jenkins","personal_email":"ashley.jenkins@googlemail.com","residentialAddress_fullAddress":"1 Glasgow Road, Edinburgh, Midlothian, EH12 8HW"},{"personal_firstName":"Bobby","personal_lastName":"Murray","personal_email":"bobby.murray@outlook.com","residentialAddress_fullAddress":"61 Pinetree Avenue, Lenzie, Dunbartonshire, G66 4EQ"},{"personal_firstName":"Steven","personal_lastName":"Scott","personal_email":"steven.scott@aol.com","residentialAddress_fullAddress":"1 Glasgow Road, Edinburgh, Midlothian, EH12 8HW"},{"personal_firstName":"Bernard","personal_lastName":"Weir","personal_email":"bernard.weir@hotmail.com","residentialAddress_fullAddress":"61 Pinetree Avenue, Lenzie, Dunbartonshire, G66 4EQ"},{"personal_firstName":"Michael","personal_lastName":"Barry","personal_email":"michael.barry@hotmail.co.uk","residentialAddress_fullAddress":"16 Pinetree Avenue, Lenzie, Dunbartonshire, G66 4EQ"},{"personal_firstName":"Jessica","personal_lastName":"Scott","personal_email":"jessica.scott@hotmail.co.uk","residentialAddress_fullAddress":"10 Princes Street, Dundee, Angus, DD4 6BY"},{"personal_firstName":"Nancy","personal_lastName":"Montgomery","personal_email":"nancy.montgomery@aol.com","residentialAddress_fullAddress":"3 Callender Gardens, Dundee, Angus, DD4 6BY"},{"personal_firstName":"Dorothy","personal_lastName":"Hayes","personal_email":"dorothy.hayes@aol.com","residentialAddress_fullAddress":"111 Queen St, Glasgow, Glasgow, G1 3AH"},{"personal_firstName":"Sarah","personal_lastName":"Brown","personal_email":"sarah.brown@googlemail.com","residentialAddress_fullAddress":"Castle Wynd, Stirling, Perthshire, FK8 1EJ"},{"personal_firstName":"Donna","personal_lastName":"Martin","personal_email":"donna.martin@example.com","residentialAddress_fullAddress":"400 Coltness Rd, Wishaw, Lanarkshire, ML2 7HP"},{"personal_firstName":"Peter","personal_lastName":"Weir","personal_email":"peter.weir@outlook.com","residentialAddress_fullAddress":"20 High Mill Court, Dundee, Angus, DD2 1UN"},{"personal_firstName":"Michael","personal_lastName":"Lescott","personal_email":"michael.lescott@live.com","residentialAddress_fullAddress":"400 Coltness Rd, Wishaw, Lanarkshire, ML2 7HP"},{"personal_firstName":"Jessica","personal_lastName":"Scott","personal_email":"jessica.scott@googlemail.com","residentialAddress_fullAddress":"400 Coltness Rd, Wishaw, Lanarkshire, ML2 7HP"},{"personal_firstName":"Patricia","personal_lastName":"Barry","personal_email":"patricia.barry@hotmail.com","residentialAddress_fullAddress":"12 Northfield Farm Road, Edinburgh, Midlothian, EH8 7QR"},{"personal_firstName":"Patricia","personal_lastName":"Hayes","personal_email":"patricia.hayes@gmail.com","residentialAddress_fullAddress":"61 Pinetree Avenue, Lenzie, Dunbartonshire, G66 4EQ"},{"personal_firstName":"Ashley","personal_lastName":"Montgomery","personal_email":"ashley.montgomery@aol.com","residentialAddress_fullAddress":"3 Callender Gardens, Dundee, Angus, DD4 6BY"},{"personal_firstName":"Susan","personal_lastName":"Scott","personal_email":"susan.scott@hotmail.co.uk","residentialAddress_fullAddress":"12 Northfield Farm Road, Edinburgh, Midlothian, EH8 7QR"},{"personal_firstName":"Martin","personal_lastName":"Norman","personal_email":"martin.norman@live.com","residentialAddress_fullAddress":"20 High Mill Court, Dundee, Angus, DD2 1UN"},{"personal_firstName":"Lisa","personal_lastName":"Hayes","personal_email":"lisa.hayes@live.com","residentialAddress_fullAddress":"3 Callender Gardens, Dundee, Angus, DD4 6BY"},{"personal_firstName":"John","personal_lastName":"Hayes","personal_email":"john.hayes@example.com","residentialAddress_fullAddress":"Castle Wynd, Stirling, Perthshire, FK8 1EJ"},{"personal_firstName":"Barbara","personal_lastName":"Hayes","personal_email":"barbara.hayes@live.com","residentialAddress_fullAddress":"61 Pinetree Avenue, Lenzie, Dunbartonshire, G66 4EQ"},{"personal_firstName":"James","personal_lastName":"Martin","personal_email":"james.martin@gmail.com","residentialAddress_fullAddress":"3 Callender Gardens, Dundee, Angus, DD4 6BY"},{"personal_firstName":"Thomas","personal_lastName":"Lescott","personal_email":"thomas.lescott@aol.com","residentialAddress_fullAddress":"98 Howatson Court, Livingston, Midlothian, EH54 7FH"},{"personal_firstName":"Martin","personal_lastName":"Weir","personal_email":"martin.weir@googlemail.com","residentialAddress_fullAddress":"3 Callender Gardens, Dundee, Angus, DD4 6BY"},{"personal_firstName":"Charles","personal_lastName":"Weir","personal_email":"charles.weir@live.com","residentialAddress_fullAddress":"10 Princes Street, Dundee, Angus, DD4 6BY"},{"personal_firstName":"Robert","personal_lastName":"Anderson","personal_email":"robert.anderson@aol.com","residentialAddress_fullAddress":"400 Coltness Rd, Wishaw, Lanarkshire, ML2 7HP"},{"personal_firstName":"Donna","personal_lastName":"Lescott","personal_email":"donna.lescott@live.co.uk","residentialAddress_fullAddress":"1 Glasgow Road, Edinburgh, Midlothian, EH12 8HW"},{"personal_firstName":"Linda","personal_lastName":"Owen","personal_email":"linda.owen@gmail.com","residentialAddress_fullAddress":"1 Glasgow Road, Edinburgh, Midlothian, EH12 8HW"},{"personal_firstName":"Dorothy","personal_lastName":"Barry","personal_email":"dorothy.barry@live.com","residentialAddress_fullAddress":"61 Pinetree Avenue, Lenzie, Dunbartonshire, G66 4EQ"},{"personal_firstName":"Stephen","personal_lastName":"Norman","personal_email":"stephen.norman@outlook.com","residentialAddress_fullAddress":"12 Northfield Farm Road, Edinburgh, Midlothian, EH8 7QR"},{"personal_firstName":"Susan","personal_lastName":"Barry","personal_email":"susan.barry@live.com","residentialAddress_fullAddress":"61 Pinetree Avenue, Lenzie, Dunbartonshire, G66 4EQ"},{"personal_firstName":"Betty","personal_lastName":"Scott","personal_email":"betty.scott@hotmail.co.uk","residentialAddress_fullAddress":"98 Howatson Court, Livingston, Midlothian, EH54 7FH"},{"personal_firstName":"Joanna","personal_lastName":"Anderson","personal_email":"joanna.anderson@hotmail.co.uk","residentialAddress_fullAddress":"16 Pinetree Avenue, Lenzie, Dunbartonshire, G66 4EQ"},{"personal_firstName":"James","personal_lastName":"Hayes","personal_email":"james.hayes@helloworld.com","residentialAddress_fullAddress":"111 Queen St, Glasgow, Glasgow, G1 3AH"},{"personal_firstName":"John","personal_lastName":"Smith","personal_email":"john.smith@outlook.com","residentialAddress_fullAddress":"Castle Wynd, Stirling, Perthshire, FK8 1EJ"},{"personal_firstName":"James","personal_lastName":"Baxter","personal_email":"james.baxter@hotmail.com","residentialAddress_fullAddress":"16 Pinetree Avenue, Lenzie, Dunbartonshire, G66 4EQ"},{"personal_firstName":"Andrew","personal_lastName":"James","personal_email":"andrew.james@aol.com","residentialAddress_fullAddress":"1 Glasgow Road, Edinburgh, Midlothian, EH12 8HW"},{"personal_firstName":"Betty","personal_lastName":"Barry","personal_email":"betty.barry@gmail.com","residentialAddress_fullAddress":"111 Queen St, Glasgow, Glasgow, G1 3AH"},{"personal_firstName":"Joshua","personal_lastName":"Martin","personal_email":"joshua.martin@outlook.com","residentialAddress_fullAddress":"400 Coltness Rd, Wishaw, Lanarkshire, ML2 7HP"},{"personal_firstName":"Kenneth","personal_lastName":"Weir","personal_email":"kenneth.weir@aol.com","residentialAddress_fullAddress":"10 Princes Street, Dundee, Angus, DD4 6BY"},{"personal_firstName":"Betty","personal_lastName":"Scott","personal_email":"betty.scott@aol.com","residentialAddress_fullAddress":"10 Princes Street, Dundee, Angus, DD4 6BY"},{"personal_firstName":"Bobby","personal_lastName":"Lescott","personal_email":"bobby.lescott@example.com","residentialAddress_fullAddress":"10 Princes Street, Dundee, Angus, DD4 6BY"},{"personal_firstName":"Nancy","personal_lastName":"Weir","personal_email":"nancy.weir@hotmail.com","residentialAddress_fullAddress":"3 Callender Gardens, Dundee, Angus, DD4 6BY"},{"personal_firstName":"William","personal_lastName":"Martin","personal_email":"william.martin@example.com","residentialAddress_fullAddress":"20 High Mill Court, Dundee, Angus, DD2 1UN"},{"personal_firstName":"Margaret","personal_lastName":"Norman","personal_email":"margaret.norman@live.com","residentialAddress_fullAddress":"12 Northfield Farm Road, Edinburgh, Midlothian, EH8 7QR"},{"personal_firstName":"Susan","personal_lastName":"Jenkins","personal_email":"susan.jenkins@live.co.uk","residentialAddress_fullAddress":"61 Pinetree Avenue, Lenzie, Dunbartonshire, G66 4EQ"},{"personal_firstName":"Martin","personal_lastName":"Scott","personal_email":"martin.scott@helloworld.com","residentialAddress_fullAddress":"61 Pinetree Avenue, Lenzie, Dunbartonshire, G66 4EQ"},{"personal_firstName":"Stephen","personal_lastName":"Brown","personal_email":"stephen.brown@gmail.com","residentialAddress_fullAddress":"16 Pinetree Avenue, Lenzie, Dunbartonshire, G66 4EQ"},{"personal_firstName":"Robert","personal_lastName":"Barry","personal_email":"robert.barry@hotmail.co.uk","residentialAddress_fullAddress":"10 Princes Street, Dundee, Angus, DD4 6BY"},{"personal_firstName":"Karen","personal_lastName":"Brown","personal_email":"karen.brown@googlemail.com","residentialAddress_fullAddress":"10 Princes Street, Dundee, Angus, DD4 6BY"},{"personal_firstName":"Francis","personal_lastName":"Anderson","personal_email":"francis.anderson@hotmail.com","residentialAddress_fullAddress":"1 Glasgow Road, Edinburgh, Midlothian, EH12 8HW"},{"personal_firstName":"Lisa","personal_lastName":"Murray","personal_email":"lisa.murray@hotmail.com","residentialAddress_fullAddress":"400 Coltness Rd, Wishaw, Lanarkshire, ML2 7HP"},{"personal_firstName":"Joshua","personal_lastName":"Smith","personal_email":"joshua.smith@outlook.com","residentialAddress_fullAddress":"12 Northfield Farm Road, Edinburgh, Midlothian, EH8 7QR"},{"personal_firstName":"James","personal_lastName":"Smith","personal_email":"james.smith@helloworld.com","residentialAddress_fullAddress":"61 Pinetree Avenue, Lenzie, Dunbartonshire, G66 4EQ"},{"personal_firstName":"Anthony","personal_lastName":"Brown","personal_email":"anthony.brown@helloworld.com","residentialAddress_fullAddress":"1 Glasgow Road, Edinburgh, Midlothian, EH12 8HW"},{"personal_firstName":"Joshua","personal_lastName":"Owen","personal_email":"joshua.owen@hotmail.com","residentialAddress_fullAddress":"61 Pinetree Avenue, Lenzie, Dunbartonshire, G66 4EQ"},{"personal_firstName":"Thomas","personal_lastName":"Hayes","personal_email":"thomas.hayes@helloworld.com","residentialAddress_fullAddress":"98 Howatson Court, Livingston, Midlothian, EH54 7FH"},{"personal_firstName":"Sandra","personal_lastName":"Jenkins","personal_email":"sandra.jenkins@live.com","residentialAddress_fullAddress":"10 Princes Street, Dundee, Angus, DD4 6BY"},{"personal_firstName":"Stephen","personal_lastName":"Hayes","personal_email":"stephen.hayes@aol.com","residentialAddress_fullAddress":"16 Pinetree Avenue, Lenzie, Dunbartonshire, G66 4EQ"},{"personal_firstName":"Mary","personal_lastName":"Weir","personal_email":"mary.weir@hotmail.com","residentialAddress_fullAddress":"16 Pinetree Avenue, Lenzie, Dunbartonshire, G66 4EQ"},{"personal_firstName":"Jennifer","personal_lastName":"Murray","personal_email":"jennifer.murray@aol.com","residentialAddress_fullAddress":"10 Princes Street, Dundee, Angus, DD4 6BY"},{"personal_firstName":"Robert","personal_lastName":"Anderson","personal_email":"robert.anderson@helloworld.com","residentialAddress_fullAddress":"111 Queen St, Glasgow, Glasgow, G1 3AH"},{"personal_firstName":"John","personal_lastName":"Weir","personal_email":"john.weir@outlook.com","residentialAddress_fullAddress":"111 Queen St, Glasgow, Glasgow, G1 3AH"},{"personal_firstName":"Stephen","personal_lastName":"Martin","personal_email":"stephen.martin@googlemail.com","residentialAddress_fullAddress":"Castle Wynd, Stirling, Perthshire, FK8 1EJ"},{"personal_firstName":"Michael","personal_lastName":"James","personal_email":"michael.james@live.com","residentialAddress_fullAddress":"12 Northfield Farm Road, Edinburgh, Midlothian, EH8 7QR"}]