[{"personal_firstName":"Lisa","personal_lastName":"Norman","personal_email":"lisa.norman@example.com","residentialAddress_fullAddress":"20 High Mill Court, Dundee, Angus, DD2 1UN"},{"personal_firstName":"Michael","personal_lastName":"Norman","personal_email":"michael.norman@hotmail.com","residentialAddress_fullAddress":"400 Coltness Rd, Wishaw, Lanarkshire, ML2 7HP"},{"personal_firstName":"Martin","personal_lastName":"Murray","personal_email":"martin.murray@aol.com","residentialAddress_fullAddress":"12 Northfield Farm Road, Edinburgh, Midlothian, EH8 7QR"},{"personal_firstName":"Elizabeth","personal_lastName":"Brown","personal_email":"elizabeth.brown@hotmail.com","residentialAddress_fullAddress":"20 High Mill Court, Dundee, Angus, DD2 1UN"},{"personal_firstName":"Robert","personal_lastName":"Hayes","personal_email":"robert.hayes@googlemail.com","residentialAddress_fullAddress":"111 Queen St, Glasgow, Glasgow, G1 3AH"},{"personal_firstName":"John","personal_lastName":"Anderson","personal_email":"john.anderson@hotmail.co.uk","residentialAddress_fullAddress":"Castle Wynd, Stirling, Perthshire, FK8 1EJ"},{"personal_firstName":"Matthew","personal_lastName":"Owen","personal_email":"matthew.owen@hotmail.co.uk","residentialAddress_fullAddress":"10 Princes Street, Dundee, Angus, DD4 6BY"},{"personal_firstName":"Bernard","personal_lastName":"Barry","personal_email":"bernard.barry@example.com","residentialAddress_fullAddress":"3 Callender Gardens, Dundee, Angus, DD4 6BY"},{"personal_firstName":"Kenneth","personal_lastName":"James","personal_email":"kenneth.james@hotmail.com","residentialAddress_fullAddress":"20 High Mill Court, Dundee, Angus, DD2 1UN"},{"personal_firstName":"Sarah","personal_lastName":"Murray","personal_email":"sarah.murray@gmail.com","residentialAddress_fullAddress":"Castle Wynd, Stirling, Perthshire, FK8 1EJ"},{"personal_firstName":"Oscar","personal_lastName":"Scott","personal_email":"oscar.scott@hotmail.com","residentialAddress_fullAddress":"3 Callender Gardens, Dundee, Angus, DD4 6BY"},{"personal_firstName":"Sarah","personal_lastName":"Barry","personal_email":"sarah.barry@aol.com","residentialAddress_fullAddress":"400 Coltness Rd, Wishaw, Lanarkshire, ML2 7HP"},{"personal_firstName":"Betty","personal_lastName":"Anderson","personal_email":"betty.anderson@hotmail.co.uk","residentialAddress_fullAddress":"10 Princes Street, Dundee, Angus, DD4 6BY"},{"personal_firstName":"Margaret","personal_lastName":"McGregor","personal_email":"margaret.mcgregor@hotmail.co.uk","residentialAddress_fullAddress":"3 Callender Gardens, Dundee, Angus, DD4 6BY"},{"personal_firstName":"Stephen","personal_lastName":"Norman","personal_email":"stephen.norman@outlook.com","residentialAddress_fullAddress":"12 Northfield Farm Road, Edinburgh, Midlothian, EH8 7QR"},{"personal_firstName":"Anthony","personal_lastName":"Brown","personal_email":"anthony.brown@hotmail.com","residentialAddress_fullAddress":"Castle Wynd, Stirling, Perthshire, FK8 1EJ"},{"personal_firstName":"Mark","personal_lastName":"Martin","personal_email":"mark.martin@example.com","residentialAddress_fullAddress":"10 Princes Street, Dundee, Angus, DD4 6BY"},{"personal_firstName":"Bobby","personal_lastName":"Murray","personal_email":"bobby.murray@live.co.uk","residentialAddress_fullAddress":"20 High Mill Court, Dundee, Angus, DD2 1UN"},{"personal_firstName":"Ashley","personal_lastName":"Hayes","personal_email":"ashley.hayes@outlook.com","residentialAddress_fullAddress":"Castle Wynd, Stirling, Perthshire, FK8 1EJ"},{"personal_firstName":"Nancy","personal_lastName":"Scott","personal_email":"nancy.scott@live.com","residentialAddress_fullAddress":"10 Princes Street, Dundee, Angus, DD4 6BY"},{"personal_firstName":"Sarah","personal_lastName":"Hayes","personal_email":"sarah.hayes@live.co.uk","residentialAddress_fullAddress":"12 Northfield Farm Road, Edinburgh, Midlothian, EH8 7QR"},{"personal_firstName":"Daniel","personal_lastName":"Brown","personal_email":"daniel.brown@live.co.uk","residentialAddress_fullAddress":"10 Princes Street, Dundee, Angus, DD4 6BY"},{"personal_firstName":"Richard","personal_lastName":"James","personal_email":"richard.james@gmail.com","residentialAddress_fullAddress":"10 Princes Street, Dundee, Angus, DD4 6BY"},{"personal_firstName":"Nancy","personal_lastName":"Brown","personal_email":"nancy.brown@example.com","residentialAddress_fullAddress":"98 Howatson Court, Livingston, Midlothian, EH54 7FH"},{"personal_firstName":"Dorothy","personal_lastName":"Barry","personal_email":"dorothy.barry@hotmail.co.uk","residentialAddress_fullAddress":"400 Coltness Rd, Wishaw, Lanarkshire, ML2 7HP"},{"personal_firstName":"Mark","personal_lastName":"Anderson","personal_email":"mark.anderson@live.co.uk","residentialAddress_fullAddress":"Castle Wynd, Stirling, Perthshire, FK8 1EJ"},{"personal_firstName":"Jennifer","personal_lastName":"Weir","personal_email":"jennifer.weir@aol.com","residentialAddress_fullAddress":"10 Princes Street, Dundee, Angus, DD4 6BY"},{"personal_firstName":"Francis","personal_lastName":"Murray","personal_email":"francis.murray@googlemail.com","residentialAddress_fullAddress":"98 Howatson Court, Livingston, Midlothian, EH54 7FH"},{"personal_firstName":"Robert","personal_lastName":"Brown","personal_email":"robert.brown@hotmail.com","residentialAddress_fullAddress":"400 Coltness Rd, Wishaw, Lanarkshire, ML2 7HP"},{"personal_firstName":"John","personal_lastName":"Montgomery","personal_email":"john.montgomery@live.com","residentialAddress_fullAddress":"16 Pinetree Avenue, Lenzie, Dunbartonshire, G66 4EQ"},{"personal_firstName":"Betty","personal_lastName":"Brown","personal_email":"betty.brown@googlemail.com","residentialAddress_fullAddress":"111 Queen St, Glasgow, Glasgow, G1 3AH"},{"personal_firstName":"Sandra","personal_lastName":"Weir","personal_email":"sandra.weir@outlook.com","residentialAddress_fullAddress":"111 Queen St, Glasgow, Glasgow, G1 3AH"},{"personal_firstName":"Kimberly","personal_lastName":"Barry","personal_email":"kimberly.barry@aol.com","residentialAddress_fullAddress":"3 Callender Gardens, Dundee, Angus, DD4 6BY"},{"personal_firstName":"Carol","personal_lastName":"Barry","personal_email":"carol.barry@hotmail.co.uk","residentialAddress_fullAddress":"16 Pinetree Avenue, Lenzie, Dunbartonshire, G66 4EQ"},{"personal_firstName":"Daniel","personal_lastName":"Murray","personal_email":"daniel.murray@example.com","residentialAddress_fullAddress":"98 Howatson Court, Livingston, Midlothian, EH54 7FH"},{"personal_firstName":"Sandra","personal_lastName":"McGregor","personal_email":"sandra.mcgregor@aol.com","residentialAddress_fullAddress":"1 Glasgow Road, Edinburgh, Midlothian, EH12 8HW"},{"personal_firstName":"Francis","personal_lastName":"Scott","personal_email":"francis.scott@helloworld.com","residentialAddress_fullAddress":"61 Pinetree Avenue, Lenzie, Dunbartonshire, G66 4EQ"},{"personal_firstName":"Steven","personal_lastName":"Hayes","personal_email":"steven.hayes@helloworld.com","residentialAddress_fullAddress":"10 Princes Street, Dundee, Angus, DD4 6BY"},{"personal_firstName":"Michael","personal_lastName":"Murray","personal_email":"michael.murray@helloworld.com","residentialAddress_fullAddress":"Castle Wynd, Stirling, Perthshire, FK8 1EJ"},{"personal_firstName":"Sarah","personal_lastName":"James","personal_email":"sarah.james@hotmail.co.uk","residentialAddress_fullAddress":"61 Pinetree Avenue, Lenzie, Dunbartonshire, G66 4EQ"},{"personal_firstName":"Margaret","personal_lastName":"McGregor","personal_email":"margaret.mcgregor@gmail.com","residentialAddress_fullAddress":"Castle Wynd, Stirling, Perthshire, FK8 1EJ"},{"personal_firstName":"James","personal_lastName":"Scott","personal_email":"james.scott@gmail.com","residentialAddress_fullAddress":"400 Coltness Rd, Wishaw, Lanarkshire, ML2 7HP"},{"personal_firstName":"Steven","personal_lastName":"Lescott","personal_email":"steven.lescott@hotmail.com","residentialAddress_fullAddress":"12 Northfield Farm Road, Edinburgh, Midlothian, EH8 7QR"},{"personal_firstName":"David","personal_lastName":"Barry","personal_email":"david.barry@hotmail.co.uk","residentialAddress_fullAddress":"1 Glasgow Road, Edinburgh, Midlothian, EH12 8HW"},{"personal_firstName":"Mary","personal_lastName":"McGregor","personal_email":"mary.mcgregor@live.com","residentialAddress_fullAddress":"Castle Wynd, Stirling, Perthshire, FK8 1EJ"},{"personal_firstName":"Peter","personal_lastName":"Smith","personal_email":"peter.smith@hotmail.com","residentialAddress_fullAddress":"1 Glasgow Road, Edinburgh, Midlothian, EH12 8HW"},{"personal_firstName":"Emily","personal_lastName":"Brown","personal_email":"emily.brown@hotmail.co.uk","residentialAddress_fullAddress":"16 Pinetree Avenue, Lenzie, Dunbartonshire, G66 4EQ"},{"personal_firstName":"Sandra","personal_lastName":"Jenkins","personal_email":"sandra.jenkins@live.co.uk","residentialAddress_fullAddress":"10 Princes Street, Dundee, Angus, DD4 6BY"},{"personal_firstName":"Paul","personal_lastName":"Martin","personal_email":"paul.martin@gmail.com","residentialAddress_fullAddress":"12 Northfield Farm Road, Edinburgh, Midlothian, EH8 7QR"},{"personal_firstName":"Jessica","personal_lastName":"Brown","personal_email":"jessica.brown@outlook.com","residentialAddress_fullAddress":"111 Queen St, Glasgow, Glasgow, G1 3AH"},{"personal_firstName":"Mary","personal_lastName":"Brown","personal_email":"mary.brown@example.com","residentialAddress_fullAddress":"20 High Mill Court, Dundee, Angus, DD2 1UN"},{"personal_firstName":"Susan","personal_lastName":"Murray","personal_email":"susan.murray@gmail.com","residentialAddress_fullAddress":"16 Pinetree Avenue, Lenzie, Dunbartonshire, G66 4EQ"},{"personal_firstName":"Daniel","personal_lastName":"Lescott","personal_email":"daniel.lescott@outlook.com","residentialAddress_fullAddress":"Castle Wynd, Stirling, Perthshire, FK8 1EJ"},{"personal_firstName":"Lisa","personal_lastName":"Owen","personal_email":"lisa.owen@hotmail.co.uk","residentialAddress_fullAddress":"98 Howatson Court, Livingston, Midlothian, EH54 7FH"},{"personal_firstName":"Joshua","personal_lastName":"Montgomery","personal_email":"joshua.montgomery@hotmail.com","residentialAddress_fullAddress":"1 Glasgow Road, Edinburgh, Midlothian, EH12 8HW"},{"personal_firstName":"Michael","personal_lastName":"Scott","personal_email":"michael.scott@live.co.uk","residentialAddress_fullAddress":"400 Coltness Rd, Wishaw, Lanarkshire, ML2 7HP"},{"personal_firstName":"Joseph","personal_lastName":"Weir","personal_email":"joseph.weir@example.com","residentialAddress_fullAddress":"400 Coltness Rd, Wishaw, Lanarkshire, ML2 7HP"},{"personal_firstName":"Steven","personal_lastName":"Montgomery","personal_email":"steven.montgomery@hotmail.com","residentialAddress_fullAddress":"16 Pinetree Avenue, Lenzie, Dunbartonshire, G66 4EQ"},{"personal_firstName":"Charles","personal_lastName":"Weir","personal_email":"charles.weir@gmail.com","residentialAddress_fullAddress":"Castle Wynd, Stirling, Perthshire, FK8 1EJ"},{"personal_firstName":"Mary","personal_lastName":"McGregor","personal_email":"mary.mcgregor@aol.com","residentialAddress_fullAddress":"10 Princes Street, Dundee, Angus, DD4 6BY"},{"personal_firstName":"Mark","personal_lastName":"Owen","personal_email":"mark.owen@live.com","residentialAddress_fullAddress":"12 Northfield Farm Road, Edinburgh, Midlothian, EH8 7QR"},{"personal_firstName":"Margaret","personal_lastName":"Lescott","personal_email":"margaret.lescott@live.com","residentialAddress_fullAddress":"12 Northfield Farm Road, Edinburgh, Midlothian, EH8 7QR"},{"personal_firstName":"Jennifer","personal_lastName":"Murray","personal_email":"jennifer.murray@live.co.uk","residentialAddress_fullAddress":"400 Coltness Rd, Wishaw, Lanarkshire, ML2 7HP"},{"personal_firstName":"Donald","personal_lastName":"Jenkins","personal_email":"donald.jenkins@example.com","residentialAddress_fullAddress":"1 Glasgow Road, Edinburgh, Midlothian, EH12 8HW"},{"personal_firstName":"Elizabeth","personal_lastName":"Murray","personal_email":"elizabeth.murray@live.co.uk","residentialAddress_fullAddress":"3 Callender Gardens, Dundee, Angus, DD4 6BY"},{"personal_firstName":"Bernard","personal_lastName":"Montgomery","personal_email":"bernard.montgomery@example.com","residentialAddress_fullAddress":"16 Pinetree Avenue, Lenzie, Dunbartonshire, G66 4EQ"},{"personal_firstName":"Barbara","personal_lastName":"Smith","personal_email":"barbara.smith@aol.com","residentialAddress_fullAddress":"Castle Wynd, Stirling, Perthshire, FK8 1EJ"},{"personal_firstName":"Martin","personal_lastName":"Murray","personal_email":"martin.murray@outlook.com","residentialAddress_fullAddress":"3 Callender Gardens, Dundee, Angus, DD4 6BY"},{"personal_firstName":"Charles","personal_lastName":"Hayes","personal_email":"charles.hayes@gmail.com","residentialAddress_fullAddress":"400 Coltness Rd, Wishaw, Lanarkshire, ML2 7HP"},{"personal_firstName":"Stephen","personal_lastName":"Norman","personal_email":"stephen.norman@gmail.com","residentialAddress_fullAddress":"61 Pinetree Avenue, Lenzie, Dunbartonshire, G66 4EQ"},{"personal_firstName":"Mary","personal_lastName":"Baxter","personal_email":"mary.baxter@example.com","residentialAddress_fullAddress":"400 Coltness Rd, Wishaw, Lanarkshire, ML2 7HP"},{"personal_firstName":"Charles","personal_lastName":"Weir","personal_email":"charles.weir@aol.com","residentialAddress_fullAddress":"111 Queen St, Glasgow, Glasgow, G1 3AH"},{"personal_firstName":"Joanna","personal_lastName":"McGregor","personal_email":"joanna.mcgregor@example.com","residentialAddress_fullAddress":"10 Princes Street, Dundee, Angus, DD4 6BY"},{"personal_firstName":"Bernard","personal_lastName":"Anderson","personal_email":"bernard.anderson@aol.com","residentialAddress_fullAddress":"1 Glasgow Road, Edinburgh, Midlothian, EH12 8HW"},{"personal_firstName":"Joanna","personal_lastName":"James","personal_email":"joanna.james@aol.com","residentialAddress_fullAddress":"98 Howatson Court, Livingston, Midlothian, EH54 7FH"},{"personal_firstName":"Karen","personal_lastName":"Owen","personal_email":"karen.owen@gmail.com","residentialAddress_fullAddress":"20 High Mill Court, Dundee, Angus, DD2 1UN"},{"personal_firstName":"Francis","personal_lastName":"McGregor","personal_email":"francis.mcgregor@outlook.com","residentialAddress_fullAddress":"10 Princes Street, Dundee, Angus, DD4 6BY"},{"personal_firstName":"Francis","personal_lastName":"Martin","personal_email":"francis.martin@example.com","residentialAddress_fullAddress":"61 Pinetree Avenue, Lenzie, Dunbartonshire, G66 4EQ"},{"personal_firstName":"Charles","personal_lastName":"Lescott","personal_email":"charles.lescott@outlook.com","residentialAddress_fullAddress":"20 High Mill Court, Dundee, Angus, DD2 1UN"},{"personal_firstName":"Paul","personal_lastName":"Anderson","personal_email":"paul.anderson@gmail.com","residentialAddress_fullAddress":"16 Pinetree Avenue, Lenzie, Dunbartonshire, G66 4EQ"},{"personal_firstName":"William","personal_lastName":"Hayes","personal_email":"william.hayes@live.co.uk","residentialAddress_fullAddress":"10 Princes Street, Dundee, Angus, DD4 6BY"},{"personal_firstName":"Donna","personal_lastName":"Hayes","personal_email":"donna.hayes@helloworld.com","residentialAddress_fullAddress":"61 Pinetree Avenue, Lenzie, Dunbartonshire, G66 4EQ"},{"personal_firstName":"Amber","personal_lastName":"Murray","personal_email":"amber.murray@live.co.uk","residentialAddress_fullAddress":"16 Pinetree Avenue, Lenzie, Dunbartonshire, G66 4EQ"},{"personal_firstName":"Peter","personal_lastName":"Hayes","personal_email":"peter.hayes@live.co.uk","residentialAddress_fullAddress":"61 Pinetree Avenue, Lenzie, Dunbartonshire, G66 4EQ"},{"personal_firstName":"Bernard","personal_lastName":"Scott","personal_email":"bernard.scott@live.co.uk","residentialAddress_fullAddress":"12 Northfield Farm Road, Edinburgh, Midlothian, EH8 7QR"},{"personal_firstName":"David","personal_lastName":"Martin","personal_email":"david.martin@gmail.com","residentialAddress_fullAddress":"1 Glasgow Road, Edinburgh, Midlothian, EH12 8HW"},{"personal_firstName":"Anthony","personal_lastName":"Owen","personal_email":"anthony.owen@live.com","residentialAddress_fullAddress":"20 High Mill Court, Dundee, Angus, DD2 1UN"},{"personal_firstName":"Martin","personal_lastName":"Jenkins","personal_email":"martin.jenkins@helloworld.com","residentialAddress_fullAddress":"61 Pinetree Avenue, Lenzie, Dunbartonshire, G66 4EQ"},{"personal_firstName":"Patricia","personal_lastName":"James","personal_email":"patricia.james@gmail.com","residentialAddress_fullAddress":"98 Howatson Court, Livingston, Midlothian, EH54 7FH"},{"personal_firstName":"Elizabeth","personal_lastName":"Scott","personal_email":"elizabeth.scott@example.com","residentialAddress_fullAddress":"98 Howatson Court, Livingston, Midlothian, EH54 7FH"},{"personal_firstName":"Thomas","personal_lastName":"Smith","personal_email":"thomas.smith@googlemail.com","residentialAddress_fullAddress":"400 Coltness Rd, Wishaw, Lanarkshire, ML2 7HP"},{"personal_firstName":"Daniel","personal_lastName":"James","personal_email":"daniel.james@live.co.uk","residentialAddress_fullAddress":"20 High Mill Court, Dundee, Angus, DD2 1UN"},{"personal_firstName":"Donald","personal_lastName":"Anderson","personal_email":"donald.anderson@outlook.com","residentialAddress_fullAddress":"12 Northfield Farm Road, Edinburgh, Midlothian, EH8 7QR"},{"personal_firstName":"Ashley","personal_lastName":"Murray","personal_email":"ashley.murray@aol.com","residentialAddress_fullAddress":"400 Coltness Rd, Wishaw, Lanarkshire, ML2 7HP"},{"personal_firstName":"Mary","personal_lastName":"Jenkins","personal_email":"mary.jenkins@live.com","residentialAddress_fullAddress":"20 High Mill Court, Dundee, Angus, DD2 1UN"},{"personal_firstName":"Mark","personal_lastName":"Martin","personal_email":"mark.martin@example.com","residentialAddress_fullAddress":"12 Northfield Farm Road, Edinburgh, Midlothian, EH8 7QR"},{"personal_firstName":"Richard","personal_lastName":"Hayes","personal_email":"richard.hayes@googlemail.com","residentialAddress_fullAddress":"1 Glasgow Road, Edinburgh, Midlothian, EH12 8HW"},{"personal_firstName":"Christopher","personal_lastName":"Barry","personal_email":"christopher.barry@hotmail.com","residentialAddress_fullAddress":"20 High Mill Court, Dundee, Angus, DD2 1UN"},{"personal_firstName":"Karen","personal_lastName":"McGregor","personal_email":"karen.mcgregor@live.co.uk","residentialAddress_fullAddress":"16 Pinetree Avenue, Lenzie, Dunbartonshire, G66 4EQ"},{"personal_firstName":"Anthony","personal_lastName":"Anderson","personal_email":"anthony.anderson@outlook.com","residentialAddress_fullAddress":"Castle Wynd, Stirling, Perthshire, FK8 1EJ"}]