[{"personal_nino":"TP477379A","personal_title":"DAME","personal_firstName":"David","personal_secondName":"Sandra","personal_lastName":"Baxter","personal_fullName":"David Baxter","personal_startDate":"28/02/1981","personal_dobFormatted":"27/06/1968","personal_name1DrivingLicence":"BAXTE606278D99TT","personal_email":"david.baxter@googlemail.com","personal_mobileNumber":"07070415063","personal_gender":"F","personal_nationality":"Australian","residentialAddress_firstLine":"Castle Wynd","residentialAddress_city":"Stirling","residentialAddress_county":"Perthshire","residentialAddress_postCode":"FK8 1EJ","residentialAddress_moveInDate":"18/04/2021","financial_accountName":"IMOVO","financial_accountNumber":"07975982","financial_iban":"au43Urte63497350041574","financial_sortCode":"784311","financial_swift":"mVSeOX55gqn","financial_rollNumber":"eJk-U630981/l","financial_accountTypes":"BA45004"}]