[{"personal_firstName":"Emily","personal_lastName":"Hayes","personal_email":"emily.hayes@hotmail.co.uk","residentialAddress_fullAddress":"61 Pinetree Avenue, Lenzie, Dunbartonshire, G66 4EQ"},{"personal_firstName":"Peter","personal_lastName":"McGregor","personal_email":"peter.mcgregor@helloworld.com","residentialAddress_fullAddress":"16 Pinetree Avenue, Lenzie, Dunbartonshire, G66 4EQ"},{"personal_firstName":"Emily","personal_lastName":"Anderson","personal_email":"emily.anderson@live.co.uk","residentialAddress_fullAddress":"98 Howatson Court, Livingston, Midlothian, EH54 7FH"},{"personal_firstName":"Barbara","personal_lastName":"Hayes","personal_email":"barbara.hayes@hotmail.com","residentialAddress_fullAddress":"Castle Wynd, Stirling, Perthshire, FK8 1EJ"},{"personal_firstName":"Patricia","personal_lastName":"Baxter","personal_email":"patricia.baxter@example.com","residentialAddress_fullAddress":"111 Queen St, Glasgow, Glasgow, G1 3AH"},{"personal_firstName":"Michael","personal_lastName":"McGregor","personal_email":"michael.mcgregor@hotmail.com","residentialAddress_fullAddress":"111 Queen St, Glasgow, Glasgow, G1 3AH"},{"personal_firstName":"Michelle","personal_lastName":"Lescott","personal_email":"michelle.lescott@outlook.com","residentialAddress_fullAddress":"12 Northfield Farm Road, Edinburgh, Midlothian, EH8 7QR"},{"personal_firstName":"Michelle","personal_lastName":"Anderson","personal_email":"michelle.anderson@live.co.uk","residentialAddress_fullAddress":"20 High Mill Court, Dundee, Angus, DD2 1UN"},{"personal_firstName":"Donald","personal_lastName":"Jenkins","personal_email":"donald.jenkins@live.com","residentialAddress_fullAddress":"12 Northfield Farm Road, Edinburgh, Midlothian, EH8 7QR"},{"personal_firstName":"Michael","personal_lastName":"Jenkins","personal_email":"michael.jenkins@hotmail.co.uk","residentialAddress_fullAddress":"Castle Wynd, Stirling, Perthshire, FK8 1EJ"},{"personal_firstName":"Thomas","personal_lastName":"Weir","personal_email":"thomas.weir@aol.com","residentialAddress_fullAddress":"Castle Wynd, Stirling, Perthshire, FK8 1EJ"},{"personal_firstName":"Steven","personal_lastName":"Scott","personal_email":"steven.scott@outlook.com","residentialAddress_fullAddress":"61 Pinetree Avenue, Lenzie, Dunbartonshire, G66 4EQ"},{"personal_firstName":"Donna","personal_lastName":"Murray","personal_email":"donna.murray@live.com","residentialAddress_fullAddress":"98 Howatson Court, Livingston, Midlothian, EH54 7FH"},{"personal_firstName":"Sarah","personal_lastName":"Baxter","personal_email":"sarah.baxter@aol.com","residentialAddress_fullAddress":"12 Northfield Farm Road, Edinburgh, Midlothian, EH8 7QR"},{"personal_firstName":"Matthew","personal_lastName":"Norman","personal_email":"matthew.norman@outlook.com","residentialAddress_fullAddress":"20 High Mill Court, Dundee, Angus, DD2 1UN"},{"personal_firstName":"Margaret","personal_lastName":"Hayes","personal_email":"margaret.hayes@hotmail.co.uk","residentialAddress_fullAddress":"10 Princes Street, Dundee, Angus, DD4 6BY"},{"personal_firstName":"Daniel","personal_lastName":"James","personal_email":"daniel.james@aol.com","residentialAddress_fullAddress":"10 Princes Street, Dundee, Angus, DD4 6BY"},{"personal_firstName":"Charles","personal_lastName":"Hayes","personal_email":"charles.hayes@live.com","residentialAddress_fullAddress":"400 Coltness Rd, Wishaw, Lanarkshire, ML2 7HP"},{"personal_firstName":"Matthew","personal_lastName":"Hayes","personal_email":"matthew.hayes@live.com","residentialAddress_fullAddress":"1 Glasgow Road, Edinburgh, Midlothian, EH12 8HW"},{"personal_firstName":"David","personal_lastName":"McGregor","personal_email":"david.mcgregor@example.com","residentialAddress_fullAddress":"61 Pinetree Avenue, Lenzie, Dunbartonshire, G66 4EQ"},{"personal_firstName":"Robert","personal_lastName":"Barry","personal_email":"robert.barry@example.com","residentialAddress_fullAddress":"Castle Wynd, Stirling, Perthshire, FK8 1EJ"},{"personal_firstName":"Steven","personal_lastName":"Hayes","personal_email":"steven.hayes@googlemail.com","residentialAddress_fullAddress":"1 Glasgow Road, Edinburgh, Midlothian, EH12 8HW"},{"personal_firstName":"Steven","personal_lastName":"Smith","personal_email":"steven.smith@live.com","residentialAddress_fullAddress":"12 Northfield Farm Road, Edinburgh, Midlothian, EH8 7QR"},{"personal_firstName":"Bernard","personal_lastName":"Barry","personal_email":"bernard.barry@live.co.uk","residentialAddress_fullAddress":"10 Princes Street, Dundee, Angus, DD4 6BY"},{"personal_firstName":"Charles","personal_lastName":"McGregor","personal_email":"charles.mcgregor@googlemail.com","residentialAddress_fullAddress":"10 Princes Street, Dundee, Angus, DD4 6BY"},{"personal_firstName":"David","personal_lastName":"Anderson","personal_email":"david.anderson@live.co.uk","residentialAddress_fullAddress":"400 Coltness Rd, Wishaw, Lanarkshire, ML2 7HP"},{"personal_firstName":"Ashley","personal_lastName":"Hayes","personal_email":"ashley.hayes@helloworld.com","residentialAddress_fullAddress":"10 Princes Street, Dundee, Angus, DD4 6BY"},{"personal_firstName":"Matthew","personal_lastName":"James","personal_email":"matthew.james@example.com","residentialAddress_fullAddress":"61 Pinetree Avenue, Lenzie, Dunbartonshire, G66 4EQ"},{"personal_firstName":"Bobby","personal_lastName":"Owen","personal_email":"bobby.owen@outlook.com","residentialAddress_fullAddress":"12 Northfield Farm Road, Edinburgh, Midlothian, EH8 7QR"},{"personal_firstName":"James","personal_lastName":"Barry","personal_email":"james.barry@live.com","residentialAddress_fullAddress":"10 Princes Street, Dundee, Angus, DD4 6BY"},{"personal_firstName":"Martin","personal_lastName":"Jenkins","personal_email":"martin.jenkins@example.com","residentialAddress_fullAddress":"3 Callender Gardens, Dundee, Angus, DD4 6BY"},{"personal_firstName":"Joshua","personal_lastName":"Anderson","personal_email":"joshua.anderson@aol.com","residentialAddress_fullAddress":"98 Howatson Court, Livingston, Midlothian, EH54 7FH"},{"personal_firstName":"Ashley","personal_lastName":"Lescott","personal_email":"ashley.lescott@example.com","residentialAddress_fullAddress":"111 Queen St, Glasgow, Glasgow, G1 3AH"},{"personal_firstName":"Peter","personal_lastName":"Brown","personal_email":"peter.brown@hotmail.co.uk","residentialAddress_fullAddress":"400 Coltness Rd, Wishaw, Lanarkshire, ML2 7HP"},{"personal_firstName":"Sarah","personal_lastName":"McGregor","personal_email":"sarah.mcgregor@outlook.com","residentialAddress_fullAddress":"20 High Mill Court, Dundee, Angus, DD2 1UN"},{"personal_firstName":"Margaret","personal_lastName":"Weir","personal_email":"margaret.weir@outlook.com","residentialAddress_fullAddress":"98 Howatson Court, Livingston, Midlothian, EH54 7FH"},{"personal_firstName":"Joseph","personal_lastName":"Weir","personal_email":"joseph.weir@hotmail.com","residentialAddress_fullAddress":"1 Glasgow Road, Edinburgh, Midlothian, EH12 8HW"},{"personal_firstName":"William","personal_lastName":"Baxter","personal_email":"william.baxter@gmail.com","residentialAddress_fullAddress":"61 Pinetree Avenue, Lenzie, Dunbartonshire, G66 4EQ"},{"personal_firstName":"Donald","personal_lastName":"Barry","personal_email":"donald.barry@googlemail.com","residentialAddress_fullAddress":"98 Howatson Court, Livingston, Midlothian, EH54 7FH"},{"personal_firstName":"Jennifer","personal_lastName":"Jenkins","personal_email":"jennifer.jenkins@gmail.com","residentialAddress_fullAddress":"400 Coltness Rd, Wishaw, Lanarkshire, ML2 7HP"},{"personal_firstName":"Oscar","personal_lastName":"Barry","personal_email":"oscar.barry@googlemail.com","residentialAddress_fullAddress":"1 Glasgow Road, Edinburgh, Midlothian, EH12 8HW"},{"personal_firstName":"Lisa","personal_lastName":"Barry","personal_email":"lisa.barry@hotmail.co.uk","residentialAddress_fullAddress":"400 Coltness Rd, Wishaw, Lanarkshire, ML2 7HP"},{"personal_firstName":"Margaret","personal_lastName":"Weir","personal_email":"margaret.weir@gmail.com","residentialAddress_fullAddress":"10 Princes Street, Dundee, Angus, DD4 6BY"},{"personal_firstName":"Robert","personal_lastName":"Scott","personal_email":"robert.scott@gmail.com","residentialAddress_fullAddress":"1 Glasgow Road, Edinburgh, Midlothian, EH12 8HW"},{"personal_firstName":"John","personal_lastName":"Jenkins","personal_email":"john.jenkins@hotmail.co.uk","residentialAddress_fullAddress":"400 Coltness Rd, Wishaw, Lanarkshire, ML2 7HP"},{"personal_firstName":"Mark","personal_lastName":"Norman","personal_email":"mark.norman@hotmail.com","residentialAddress_fullAddress":"Castle Wynd, Stirling, Perthshire, FK8 1EJ"},{"personal_firstName":"Mary","personal_lastName":"James","personal_email":"mary.james@live.co.uk","residentialAddress_fullAddress":"3 Callender Gardens, Dundee, Angus, DD4 6BY"},{"personal_firstName":"Sarah","personal_lastName":"McGregor","personal_email":"sarah.mcgregor@example.com","residentialAddress_fullAddress":"Castle Wynd, Stirling, Perthshire, FK8 1EJ"},{"personal_firstName":"Susan","personal_lastName":"Murray","personal_email":"susan.murray@helloworld.com","residentialAddress_fullAddress":"400 Coltness Rd, Wishaw, Lanarkshire, ML2 7HP"},{"personal_firstName":"James","personal_lastName":"Weir","personal_email":"james.weir@hotmail.co.uk","residentialAddress_fullAddress":"61 Pinetree Avenue, Lenzie, Dunbartonshire, G66 4EQ"},{"personal_firstName":"Kimberly","personal_lastName":"Norman","personal_email":"kimberly.norman@helloworld.com","residentialAddress_fullAddress":"1 Glasgow Road, Edinburgh, Midlothian, EH12 8HW"},{"personal_firstName":"Kimberly","personal_lastName":"Murray","personal_email":"kimberly.murray@hotmail.co.uk","residentialAddress_fullAddress":"1 Glasgow Road, Edinburgh, Midlothian, EH12 8HW"},{"personal_firstName":"Donna","personal_lastName":"Hayes","personal_email":"donna.hayes@aol.com","residentialAddress_fullAddress":"400 Coltness Rd, Wishaw, Lanarkshire, ML2 7HP"},{"personal_firstName":"Margaret","personal_lastName":"Lescott","personal_email":"margaret.lescott@aol.com","residentialAddress_fullAddress":"400 Coltness Rd, Wishaw, Lanarkshire, ML2 7HP"},{"personal_firstName":"Michelle","personal_lastName":"Lescott","personal_email":"michelle.lescott@example.com","residentialAddress_fullAddress":"400 Coltness Rd, Wishaw, Lanarkshire, ML2 7HP"},{"personal_firstName":"Jennifer","personal_lastName":"Smith","personal_email":"jennifer.smith@gmail.com","residentialAddress_fullAddress":"10 Princes Street, Dundee, Angus, DD4 6BY"},{"personal_firstName":"Sarah","personal_lastName":"Anderson","personal_email":"sarah.anderson@gmail.com","residentialAddress_fullAddress":"1 Glasgow Road, Edinburgh, Midlothian, EH12 8HW"},{"personal_firstName":"Michelle","personal_lastName":"Baxter","personal_email":"michelle.baxter@hotmail.co.uk","residentialAddress_fullAddress":"98 Howatson Court, Livingston, Midlothian, EH54 7FH"},{"personal_firstName":"Mark","personal_lastName":"Owen","personal_email":"mark.owen@googlemail.com","residentialAddress_fullAddress":"10 Princes Street, Dundee, Angus, DD4 6BY"},{"personal_firstName":"Sandra","personal_lastName":"Martin","personal_email":"sandra.martin@example.com","residentialAddress_fullAddress":"3 Callender Gardens, Dundee, Angus, DD4 6BY"},{"personal_firstName":"Joanna","personal_lastName":"Anderson","personal_email":"joanna.anderson@aol.com","residentialAddress_fullAddress":"61 Pinetree Avenue, Lenzie, Dunbartonshire, G66 4EQ"},{"personal_firstName":"James","personal_lastName":"Brown","personal_email":"james.brown@gmail.com","residentialAddress_fullAddress":"16 Pinetree Avenue, Lenzie, Dunbartonshire, G66 4EQ"},{"personal_firstName":"James","personal_lastName":"Jenkins","personal_email":"james.jenkins@live.co.uk","residentialAddress_fullAddress":"61 Pinetree Avenue, Lenzie, Dunbartonshire, G66 4EQ"},{"personal_firstName":"Jennifer","personal_lastName":"Murray","personal_email":"jennifer.murray@outlook.com","residentialAddress_fullAddress":"Castle Wynd, Stirling, Perthshire, FK8 1EJ"},{"personal_firstName":"Bernard","personal_lastName":"Brown","personal_email":"bernard.brown@example.com","residentialAddress_fullAddress":"Castle Wynd, Stirling, Perthshire, FK8 1EJ"},{"personal_firstName":"Francis","personal_lastName":"Martin","personal_email":"francis.martin@hotmail.co.uk","residentialAddress_fullAddress":"12 Northfield Farm Road, Edinburgh, Midlothian, EH8 7QR"},{"personal_firstName":"Donna","personal_lastName":"Hayes","personal_email":"donna.hayes@hotmail.co.uk","residentialAddress_fullAddress":"Castle Wynd, Stirling, Perthshire, FK8 1EJ"},{"personal_firstName":"Carol","personal_lastName":"McGregor","personal_email":"carol.mcgregor@googlemail.com","residentialAddress_fullAddress":"3 Callender Gardens, Dundee, Angus, DD4 6BY"},{"personal_firstName":"Sarah","personal_lastName":"Jenkins","personal_email":"sarah.jenkins@gmail.com","residentialAddress_fullAddress":"Castle Wynd, Stirling, Perthshire, FK8 1EJ"},{"personal_firstName":"Sarah","personal_lastName":"Brown","personal_email":"sarah.brown@live.com","residentialAddress_fullAddress":"111 Queen St, Glasgow, Glasgow, G1 3AH"},{"personal_firstName":"Joseph","personal_lastName":"Jenkins","personal_email":"joseph.jenkins@hotmail.co.uk","residentialAddress_fullAddress":"61 Pinetree Avenue, Lenzie, Dunbartonshire, G66 4EQ"},{"personal_firstName":"James","personal_lastName":"Montgomery","personal_email":"james.montgomery@live.com","residentialAddress_fullAddress":"400 Coltness Rd, Wishaw, Lanarkshire, ML2 7HP"},{"personal_firstName":"Sarah","personal_lastName":"Anderson","personal_email":"sarah.anderson@live.co.uk","residentialAddress_fullAddress":"61 Pinetree Avenue, Lenzie, Dunbartonshire, G66 4EQ"},{"personal_firstName":"David","personal_lastName":"Montgomery","personal_email":"david.montgomery@outlook.com","residentialAddress_fullAddress":"Castle Wynd, Stirling, Perthshire, FK8 1EJ"},{"personal_firstName":"Donald","personal_lastName":"Barry","personal_email":"donald.barry@gmail.com","residentialAddress_fullAddress":"61 Pinetree Avenue, Lenzie, Dunbartonshire, G66 4EQ"},{"personal_firstName":"Oscar","personal_lastName":"Lescott","personal_email":"oscar.lescott@outlook.com","residentialAddress_fullAddress":"10 Princes Street, Dundee, Angus, DD4 6BY"},{"personal_firstName":"Joanna","personal_lastName":"Murray","personal_email":"joanna.murray@example.com","residentialAddress_fullAddress":"3 Callender Gardens, Dundee, Angus, DD4 6BY"},{"personal_firstName":"Dorothy","personal_lastName":"Norman","personal_email":"dorothy.norman@helloworld.com","residentialAddress_fullAddress":"111 Queen St, Glasgow, Glasgow, G1 3AH"},{"personal_firstName":"Christopher","personal_lastName":"Brown","personal_email":"christopher.brown@aol.com","residentialAddress_fullAddress":"16 Pinetree Avenue, Lenzie, Dunbartonshire, G66 4EQ"},{"personal_firstName":"Joseph","personal_lastName":"Martin","personal_email":"joseph.martin@aol.com","residentialAddress_fullAddress":"111 Queen St, Glasgow, Glasgow, G1 3AH"},{"personal_firstName":"Joseph","personal_lastName":"Weir","personal_email":"joseph.weir@hotmail.com","residentialAddress_fullAddress":"12 Northfield Farm Road, Edinburgh, Midlothian, EH8 7QR"},{"personal_firstName":"William","personal_lastName":"Murray","personal_email":"william.murray@hotmail.com","residentialAddress_fullAddress":"20 High Mill Court, Dundee, Angus, DD2 1UN"},{"personal_firstName":"Steven","personal_lastName":"Jenkins","personal_email":"steven.jenkins@live.co.uk","residentialAddress_fullAddress":"12 Northfield Farm Road, Edinburgh, Midlothian, EH8 7QR"},{"personal_firstName":"Jessica","personal_lastName":"Jenkins","personal_email":"jessica.jenkins@hotmail.co.uk","residentialAddress_fullAddress":"10 Princes Street, Dundee, Angus, DD4 6BY"},{"personal_firstName":"Joshua","personal_lastName":"Owen","personal_email":"joshua.owen@outlook.com","residentialAddress_fullAddress":"3 Callender Gardens, Dundee, Angus, DD4 6BY"},{"personal_firstName":"James","personal_lastName":"Brown","personal_email":"james.brown@outlook.com","residentialAddress_fullAddress":"Castle Wynd, Stirling, Perthshire, FK8 1EJ"},{"personal_firstName":"Anthony","personal_lastName":"Hayes","personal_email":"anthony.hayes@gmail.com","residentialAddress_fullAddress":"98 Howatson Court, Livingston, Midlothian, EH54 7FH"},{"personal_firstName":"Joshua","personal_lastName":"Scott","personal_email":"joshua.scott@example.com","residentialAddress_fullAddress":"20 High Mill Court, Dundee, Angus, DD2 1UN"},{"personal_firstName":"Joanna","personal_lastName":"Norman","personal_email":"joanna.norman@googlemail.com","residentialAddress_fullAddress":"10 Princes Street, Dundee, Angus, DD4 6BY"},{"personal_firstName":"Daniel","personal_lastName":"Owen","personal_email":"daniel.owen@live.com","residentialAddress_fullAddress":"Castle Wynd, Stirling, Perthshire, FK8 1EJ"},{"personal_firstName":"Kimberly","personal_lastName":"Martin","personal_email":"kimberly.martin@hotmail.com","residentialAddress_fullAddress":"111 Queen St, Glasgow, Glasgow, G1 3AH"},{"personal_firstName":"Carol","personal_lastName":"Owen","personal_email":"carol.owen@helloworld.com","residentialAddress_fullAddress":"16 Pinetree Avenue, Lenzie, Dunbartonshire, G66 4EQ"},{"personal_firstName":"Joseph","personal_lastName":"Murray","personal_email":"joseph.murray@hotmail.co.uk","residentialAddress_fullAddress":"98 Howatson Court, Livingston, Midlothian, EH54 7FH"},{"personal_firstName":"Betty","personal_lastName":"McGregor","personal_email":"betty.mcgregor@example.com","residentialAddress_fullAddress":"3 Callender Gardens, Dundee, Angus, DD4 6BY"},{"personal_firstName":"Peter","personal_lastName":"McGregor","personal_email":"peter.mcgregor@hotmail.com","residentialAddress_fullAddress":"98 Howatson Court, Livingston, Midlothian, EH54 7FH"},{"personal_firstName":"Kimberly","personal_lastName":"Brown","personal_email":"kimberly.brown@outlook.com","residentialAddress_fullAddress":"400 Coltness Rd, Wishaw, Lanarkshire, ML2 7HP"},{"personal_firstName":"Anthony","personal_lastName":"Barry","personal_email":"anthony.barry@gmail.com","residentialAddress_fullAddress":"3 Callender Gardens, Dundee, Angus, DD4 6BY"},{"personal_firstName":"Jennifer","personal_lastName":"Weir","personal_email":"jennifer.weir@outlook.com","residentialAddress_fullAddress":"1 Glasgow Road, Edinburgh, Midlothian, EH12 8HW"},{"personal_firstName":"Mark","personal_lastName":"Hayes","personal_email":"mark.hayes@live.co.uk","residentialAddress_fullAddress":"10 Princes Street, Dundee, Angus, DD4 6BY"},{"personal_firstName":"Sarah","personal_lastName":"Barry","personal_email":"sarah.barry@gmail.com","residentialAddress_fullAddress":"3 Callender Gardens, Dundee, Angus, DD4 6BY"}]