[{"personal_nino":"HB475291D","personal_title":"MS","personal_firstName":"Nancy","personal_secondName":"Martin","personal_lastName":"Martin","personal_fullName":"Nancy Martin","personal_startDate":"15/10/2016","personal_dobFormatted":"18/01/1962","personal_name1DrivingLicence":"MARTI601182N99RI","personal_email":"nancy.martin@live.com","personal_mobileNumber":"07416135417","personal_gender":"F","personal_nationality":"Chinese","residentialAddress_firstLine":"20 High Mill Court","residentialAddress_city":"Dundee","residentialAddress_county":"Angus","residentialAddress_postCode":"DD2 1UN","residentialAddress_moveInDate":"06/12/2020","financial_accountName":"Credit Union","financial_accountNumber":"57406805","financial_iban":"xc51mVnb84327017840617","financial_sortCode":"758647","financial_swift":"uUblKE51EMq","financial_rollNumber":"VYk-N122261/u","financial_accountTypes":"BA45004"}]